timestamp,account,code,line,receiver,ri,raw_message,bracket_content
2025-09-30T10:23:18.194823,005544,999,L0,R0,1,"9B05005E""SIA-DCS""6925L0#005544[#005544|Nri1UX16^C. P.SALA       CASA            ^]_10:23:40,09-30-2025",#005544|Nri1UX16^C. P.SALA       CASA            ^
2025-09-30T10:23:19.148826,005544,999,L0,R0,1,"9B05005E""SIA-DCS""6925L0#005544[#005544|Nri1UX16^C. P.SALA       CASA            ^]_10:23:40,09-30-2025",#005544|Nri1UX16^C. P.SALA       CASA            ^
2025-09-30T10:23:20.109019,005544,999,L0,R0,1,"9B05005E""SIA-DCS""6925L0#005544[#005544|Nri1UX16^C. P.SALA       CASA            ^]_10:23:40,09-30-2025",#005544|Nri1UX16^C. P.SALA       CASA            ^
2025-09-30T10:23:21.069711,005544,999,L0,R0,1,"9B05005E""SIA-DCS""6925L0#005544[#005544|Nri1UX16^C. P.SALA       CASA            ^]_10:23:40,09-30-2025",#005544|Nri1UX16^C. P.SALA       CASA            ^
2025-09-30T10:28:58.784732,005544,999,L0,R0,1,"997B005E""SIA-DCS""6925L0#005544[#005544|Nri1UX16^C. P.SALA       CASA            ^]_10:29:21,09-30-2025",#005544|Nri1UX16^C. P.SALA       CASA            ^
2025-09-30T10:28:59.749688,005544,999,L0,R0,1,"997B005E""SIA-DCS""6925L0#005544[#005544|Nri1UX16^C. P.SALA       CASA            ^]_10:29:21,09-30-2025",#005544|Nri1UX16^C. P.SALA       CASA            ^
2025-09-30T10:29:00.700852,005544,999,L0,R0,1,"997B005E""SIA-DCS""6925L0#005544[#005544|Nri1UX16^C. P.SALA       CASA            ^]_10:29:21,09-30-2025",#005544|Nri1UX16^C. P.SALA       CASA            ^
2025-09-30T10:29:01.661124,005544,999,L0,R0,1,"997B005E""SIA-DCS""6925L0#005544[#005544|Nri1UX16^C. P.SALA       CASA            ^]_10:29:21,09-30-2025",#005544|Nri1UX16^C. P.SALA       CASA            ^
2025-09-30T12:59:56.761655,005544,999,L0,R0,1,"A2B1005E""SIA-DCS""6925L0#005544[#005544|Nri1UX17^C. P.CUCINA     CASA            ^]_13:00:19,09-30-2025",#005544|Nri1UX17^C. P.CUCINA     CASA            ^
2025-09-30T12:59:57.718989,005544,999,L0,R0,1,"A2B1005E""SIA-DCS""6925L0#005544[#005544|Nri1UX17^C. P.CUCINA     CASA            ^]_13:00:19,09-30-2025",#005544|Nri1UX17^C. P.CUCINA     CASA            ^
2025-09-30T12:59:58.678097,005544,999,L0,R0,1,"A2B1005E""SIA-DCS""6925L0#005544[#005544|Nri1UX17^C. P.CUCINA     CASA            ^]_13:00:19,09-30-2025",#005544|Nri1UX17^C. P.CUCINA     CASA            ^
2025-09-30T12:59:59.638862,005544,999,L0,R0,1,"A2B1005E""SIA-DCS""6925L0#005544[#005544|Nri1UX17^C. P.CUCINA     CASA            ^]_13:00:19,09-30-2025",#005544|Nri1UX17^C. P.CUCINA     CASA            ^
2025-09-30T13:00:07.915947,005544,999,L0,R0,1,"3F57005E""SIA-DCS""6925L0#005544[#005544|Nri1UX17^C. P.CUCINA     CASA            ^]_13:00:31,09-30-2025",#005544|Nri1UX17^C. P.CUCINA     CASA            ^
2025-09-30T13:00:08.873818,005544,999,L0,R0,1,"3F57005E""SIA-DCS""6925L0#005544[#005544|Nri1UX17^C. P.CUCINA     CASA            ^]_13:00:31,09-30-2025",#005544|Nri1UX17^C. P.CUCINA     CASA            ^
2025-09-30T13:00:09.833484,005544,999,L0,R0,1,"3F57005E""SIA-DCS""6925L0#005544[#005544|Nri1UX17^C. P.CUCINA     CASA            ^]_13:00:31,09-30-2025",#005544|Nri1UX17^C. P.CUCINA     CASA            ^
2025-09-30T13:00:10.793497,005544,999,L0,R0,1,"3F57005E""SIA-DCS""6925L0#005544[#005544|Nri1UX17^C. P.CUCINA     CASA            ^]_13:00:31,09-30-2025",#005544|Nri1UX17^C. P.CUCINA     CASA            ^
2025-09-30T13:00:58.006447,005544,999,L0,R0,1,"CA0E005E""SIA-DCS""6925L0#005544[#005544|Nri1UX11^C. P.INGRESSO   CASA            ^]_13:01:20,09-30-2025",#005544|Nri1UX11^C. P.INGRESSO   CASA            ^
2025-09-30T13:00:58.962493,005544,999,L0,R0,1,"CA0E005E""SIA-DCS""6925L0#005544[#005544|Nri1UX11^C. P.INGRESSO   CASA            ^]_13:01:20,09-30-2025",#005544|Nri1UX11^C. P.INGRESSO   CASA            ^
2025-09-30T13:00:59.922865,005544,999,L0,R0,1,"CA0E005E""SIA-DCS""6925L0#005544[#005544|Nri1UX11^C. P.INGRESSO   CASA            ^]_13:01:20,09-30-2025",#005544|Nri1UX11^C. P.INGRESSO   CASA            ^
2025-09-30T13:01:00.883734,005544,999,L0,R0,1,"CA0E005E""SIA-DCS""6925L0#005544[#005544|Nri1UX11^C. P.INGRESSO   CASA            ^]_13:01:20,09-30-2025",#005544|Nri1UX11^C. P.INGRESSO   CASA            ^
2025-09-30T13:01:09.155337,005544,999,L0,R0,1,"8CF5005E""SIA-DCS""6925L0#005544[#005544|Nri1UX11^C. P.INGRESSO   CASA            ^]_13:01:32,09-30-2025",#005544|Nri1UX11^C. P.INGRESSO   CASA            ^
2025-09-30T13:01:10.112441,005544,999,L0,R0,1,"8CF5005E""SIA-DCS""6925L0#005544[#005544|Nri1UX11^C. P.INGRESSO   CASA            ^]_13:01:32,09-30-2025",#005544|Nri1UX11^C. P.INGRESSO   CASA            ^
2025-09-30T13:01:11.072882,005544,999,L0,R0,1,"8CF5005E""SIA-DCS""6925L0#005544[#005544|Nri1UX11^C. P.INGRESSO   CASA            ^]_13:01:32,09-30-2025",#005544|Nri1UX11^C. P.INGRESSO   CASA            ^
2025-09-30T13:01:12.033499,005544,999,L0,R0,1,"8CF5005E""SIA-DCS""6925L0#005544[#005544|Nri1UX11^C. P.INGRESSO   CASA            ^]_13:01:32,09-30-2025",#005544|Nri1UX11^C. P.INGRESSO   CASA            ^
2025-09-30T13:27:05.792293,005544,999,L0,R0,2,"BA63005E""SIA-DCS""6925L0#005544[#005544|Nri2UX37^C.P.SEMINTERRATOGARAGE          ^]_13:27:30,09-30-2025",#005544|Nri2UX37^C.P.SEMINTERRATOGARAGE          ^
2025-09-30T13:27:06.749014,005544,999,L0,R0,2,"BA63005E""SIA-DCS""6925L0#005544[#005544|Nri2UX37^C.P.SEMINTERRATOGARAGE          ^]_13:27:30,09-30-2025",#005544|Nri2UX37^C.P.SEMINTERRATOGARAGE          ^
2025-09-30T13:27:07.708187,005544,999,L0,R0,2,"BA63005E""SIA-DCS""6925L0#005544[#005544|Nri2UX37^C.P.SEMINTERRATOGARAGE          ^]_13:27:30,09-30-2025",#005544|Nri2UX37^C.P.SEMINTERRATOGARAGE          ^
2025-09-30T13:27:08.668723,005544,999,L0,R0,2,"BA63005E""SIA-DCS""6925L0#005544[#005544|Nri2UX37^C.P.SEMINTERRATOGARAGE          ^]_13:27:30,09-30-2025",#005544|Nri2UX37^C.P.SEMINTERRATOGARAGE          ^
2025-09-30T13:30:40.605525,005544,999,L0,R0,2,"2CD8005E""SIA-DCS""6925L0#005544[#005544|Nri2UX37^C.P.SEMINTERRATOGARAGE          ^]_13:31:02,09-30-2025",#005544|Nri2UX37^C.P.SEMINTERRATOGARAGE          ^
2025-09-30T13:30:41.561183,005544,999,L0,R0,2,"2CD8005E""SIA-DCS""6925L0#005544[#005544|Nri2UX37^C.P.SEMINTERRATOGARAGE          ^]_13:31:02,09-30-2025",#005544|Nri2UX37^C.P.SEMINTERRATOGARAGE          ^
2025-09-30T13:30:42.521442,005544,999,L0,R0,2,"2CD8005E""SIA-DCS""6925L0#005544[#005544|Nri2UX37^C.P.SEMINTERRATOGARAGE          ^]_13:31:02,09-30-2025",#005544|Nri2UX37^C.P.SEMINTERRATOGARAGE          ^
2025-09-30T13:30:43.481248,005544,999,L0,R0,2,"2CD8005E""SIA-DCS""6925L0#005544[#005544|Nri2UX37^C.P.SEMINTERRATOGARAGE          ^]_13:31:02,09-30-2025",#005544|Nri2UX37^C.P.SEMINTERRATOGARAGE          ^
2025-09-30T13:30:51.739869,005544,999,L0,R0,1,"37BA005E""SIA-DCS""6925L0#005544[#005544|Nri1UX11^C. P.INGRESSO   CASA            ^]_13:31:14,09-30-2025",#005544|Nri1UX11^C. P.INGRESSO   CASA            ^
2025-09-30T13:30:52.736632,005544,999,L0,R0,1,"37BA005E""SIA-DCS""6925L0#005544[#005544|Nri1UX11^C. P.INGRESSO   CASA            ^]_13:31:14,09-30-2025",#005544|Nri1UX11^C. P.INGRESSO   CASA            ^
2025-09-30T13:30:53.686719,005544,999,L0,R0,1,"37BA005E""SIA-DCS""6925L0#005544[#005544|Nri1UX11^C. P.INGRESSO   CASA            ^]_13:31:14,09-30-2025",#005544|Nri1UX11^C. P.INGRESSO   CASA            ^
2025-09-30T13:30:54.646432,005544,999,L0,R0,1,"37BA005E""SIA-DCS""6925L0#005544[#005544|Nri1UX11^C. P.INGRESSO   CASA            ^]_13:31:14,09-30-2025",#005544|Nri1UX11^C. P.INGRESSO   CASA            ^
2025-09-30T13:30:59.204383,005544,999,L0,R0,1,"3B4E005E""SIA-DCS""6925L0#005544[#005544|Nri1UX11^C. P.INGRESSO   CASA            ^]_13:31:20,09-30-2025",#005544|Nri1UX11^C. P.INGRESSO   CASA            ^
2025-09-30T13:31:00.160876,005544,999,L0,R0,1,"3B4E005E""SIA-DCS""6925L0#005544[#005544|Nri1UX11^C. P.INGRESSO   CASA            ^]_13:31:20,09-30-2025",#005544|Nri1UX11^C. P.INGRESSO   CASA            ^
2025-09-30T13:31:01.121867,005544,999,L0,R0,1,"3B4E005E""SIA-DCS""6925L0#005544[#005544|Nri1UX11^C. P.INGRESSO   CASA            ^]_13:31:20,09-30-2025",#005544|Nri1UX11^C. P.INGRESSO   CASA            ^
2025-09-30T13:31:02.080989,005544,999,L0,R0,1,"3B4E005E""SIA-DCS""6925L0#005544[#005544|Nri1UX11^C. P.INGRESSO   CASA            ^]_13:31:20,09-30-2025",#005544|Nri1UX11^C. P.INGRESSO   CASA            ^
2025-09-30T14:59:37.745339,005544,999,L0,R0,0,"3DEC0050""SIA-DCS""6925L0#005544[#005544|Nri0RP1^SL 1610030200083432^]_15:00:01,09-30-2025",#005544|Nri0RP1^SL 1610030200083432^
2025-09-30T14:59:38.700965,005544,999,L0,R0,0,"3DEC0050""SIA-DCS""6925L0#005544[#005544|Nri0RP1^SL 1610030200083432^]_15:00:01,09-30-2025",#005544|Nri0RP1^SL 1610030200083432^
2025-09-30T14:59:39.661503,005544,999,L0,R0,0,"3DEC0050""SIA-DCS""6925L0#005544[#005544|Nri0RP1^SL 1610030200083432^]_15:00:01,09-30-2025",#005544|Nri0RP1^SL 1610030200083432^
2025-09-30T14:59:40.620808,005544,999,L0,R0,0,"3DEC0050""SIA-DCS""6925L0#005544[#005544|Nri0RP1^SL 1610030200083432^]_15:00:01,09-30-2025",#005544|Nri0RP1^SL 1610030200083432^
2025-09-30T15:29:48.967099,005544,999,L0,R0,1,"01F4005E""SIA-DCS""6925L0#005544[#005544|Nri1UX17^C. P.CUCINA     CASA            ^]_15:30:12,09-30-2025",#005544|Nri1UX17^C. P.CUCINA     CASA            ^
2025-09-30T15:29:49.915925,005544,999,L0,R0,1,"01F4005E""SIA-DCS""6925L0#005544[#005544|Nri1UX17^C. P.CUCINA     CASA            ^]_15:30:12,09-30-2025",#005544|Nri1UX17^C. P.CUCINA     CASA            ^
2025-09-30T15:29:50.876404,005544,999,L0,R0,1,"01F4005E""SIA-DCS""6925L0#005544[#005544|Nri1UX17^C. P.CUCINA     CASA            ^]_15:30:12,09-30-2025",#005544|Nri1UX17^C. P.CUCINA     CASA            ^
2025-09-30T15:29:51.835543,005544,999,L0,R0,1,"01F4005E""SIA-DCS""6925L0#005544[#005544|Nri1UX17^C. P.CUCINA     CASA            ^]_15:30:12,09-30-2025",#005544|Nri1UX17^C. P.CUCINA     CASA            ^
2025-09-30T15:32:47.852006,005544,999,L0,R0,1,"C74E005E""SIA-DCS""6925L0#005544[#005544|Nri1UX17^C. P.CUCINA     CASA            ^]_15:33:10,09-30-2025",#005544|Nri1UX17^C. P.CUCINA     CASA            ^
2025-09-30T15:32:48.809743,005544,999,L0,R0,1,"C74E005E""SIA-DCS""6925L0#005544[#005544|Nri1UX17^C. P.CUCINA     CASA            ^]_15:33:10,09-30-2025",#005544|Nri1UX17^C. P.CUCINA     CASA            ^
2025-09-30T15:32:49.769779,005544,999,L0,R0,1,"C74E005E""SIA-DCS""6925L0#005544[#005544|Nri1UX17^C. P.CUCINA     CASA            ^]_15:33:10,09-30-2025",#005544|Nri1UX17^C. P.CUCINA     CASA            ^
2025-09-30T15:32:50.729390,005544,999,L0,R0,1,"C74E005E""SIA-DCS""6925L0#005544[#005544|Nri1UX17^C. P.CUCINA     CASA            ^]_15:33:10,09-30-2025",#005544|Nri1UX17^C. P.CUCINA     CASA            ^
2025-09-30T15:38:55.440319,005544,999,L0,R0,1,"1F25005E""SIA-DCS""6925L0#005544[#005544|Nri1UX17^C. P.CUCINA     CASA            ^]_15:39:18,09-30-2025",#005544|Nri1UX17^C. P.CUCINA     CASA            ^
2025-09-30T15:38:56.396721,005544,999,L0,R0,1,"1F25005E""SIA-DCS""6925L0#005544[#005544|Nri1UX17^C. P.CUCINA     CASA            ^]_15:39:18,09-30-2025",#005544|Nri1UX17^C. P.CUCINA     CASA            ^
2025-09-30T15:38:57.356675,005544,999,L0,R0,1,"1F25005E""SIA-DCS""6925L0#005544[#005544|Nri1UX17^C. P.CUCINA     CASA            ^]_15:39:18,09-30-2025",#005544|Nri1UX17^C. P.CUCINA     CASA            ^
2025-09-30T15:38:58.316877,005544,999,L0,R0,1,"1F25005E""SIA-DCS""6925L0#005544[#005544|Nri1UX17^C. P.CUCINA     CASA            ^]_15:39:18,09-30-2025",#005544|Nri1UX17^C. P.CUCINA     CASA            ^
2025-09-30T15:43:36.147320,005544,999,L0,R0,1,"6D1E005E""SIA-DCS""6925L0#005544[#005544|Nri1UX17^C. P.CUCINA     CASA            ^]_15:43:59,09-30-2025",#005544|Nri1UX17^C. P.CUCINA     CASA            ^
2025-09-30T15:43:37.104107,005544,999,L0,R0,1,"6D1E005E""SIA-DCS""6925L0#005544[#005544|Nri1UX17^C. P.CUCINA     CASA            ^]_15:43:59,09-30-2025",#005544|Nri1UX17^C. P.CUCINA     CASA            ^
2025-09-30T15:43:38.063173,005544,999,L0,R0,1,"6D1E005E""SIA-DCS""6925L0#005544[#005544|Nri1UX17^C. P.CUCINA     CASA            ^]_15:43:59,09-30-2025",#005544|Nri1UX17^C. P.CUCINA     CASA            ^
2025-09-30T15:43:39.024338,005544,999,L0,R0,1,"6D1E005E""SIA-DCS""6925L0#005544[#005544|Nri1UX17^C. P.CUCINA     CASA            ^]_15:43:59,09-30-2025",#005544|Nri1UX17^C. P.CUCINA     CASA            ^
2025-09-30T16:47:53.048305,005544,999,L0,R0,1,"BABB005E""SIA-DCS""6925L0#005544[#005544|Nri1UX17^C. P.CUCINA     CASA            ^]_16:48:15,09-30-2025",#005544|Nri1UX17^C. P.CUCINA     CASA            ^
2025-09-30T16:47:54.004204,005544,999,L0,R0,1,"BABB005E""SIA-DCS""6925L0#005544[#005544|Nri1UX17^C. P.CUCINA     CASA            ^]_16:48:15,09-30-2025",#005544|Nri1UX17^C. P.CUCINA     CASA            ^
2025-09-30T16:47:54.965103,005544,999,L0,R0,1,"BABB005E""SIA-DCS""6925L0#005544[#005544|Nri1UX17^C. P.CUCINA     CASA            ^]_16:48:15,09-30-2025",#005544|Nri1UX17^C. P.CUCINA     CASA            ^
2025-09-30T16:47:55.924398,005544,999,L0,R0,1,"BABB005E""SIA-DCS""6925L0#005544[#005544|Nri1UX17^C. P.CUCINA     CASA            ^]_16:48:15,09-30-2025",#005544|Nri1UX17^C. P.CUCINA     CASA            ^
2025-09-30T16:48:04.186383,005544,999,L0,R0,1,"7DBA005E""SIA-DCS""6925L0#005544[#005544|Nri1UX17^C. P.CUCINA     CASA            ^]_16:48:26,09-30-2025",#005544|Nri1UX17^C. P.CUCINA     CASA            ^
2025-09-30T16:48:05.144224,005544,999,L0,R0,1,"7DBA005E""SIA-DCS""6925L0#005544[#005544|Nri1UX17^C. P.CUCINA     CASA            ^]_16:48:26,09-30-2025",#005544|Nri1UX17^C. P.CUCINA     CASA            ^
2025-09-30T16:48:06.104508,005544,999,L0,R0,1,"7DBA005E""SIA-DCS""6925L0#005544[#005544|Nri1UX17^C. P.CUCINA     CASA            ^]_16:48:26,09-30-2025",#005544|Nri1UX17^C. P.CUCINA     CASA            ^
2025-09-30T16:48:07.063966,005544,999,L0,R0,1,"7DBA005E""SIA-DCS""6925L0#005544[#005544|Nri1UX17^C. P.CUCINA     CASA            ^]_16:48:26,09-30-2025",#005544|Nri1UX17^C. P.CUCINA     CASA            ^
2025-09-30T17:45:15.759000,005544,999,L0,R0,1,"4EB1005E""SIA-DCS""6925L0#005544[#005544|Nri1UX16^C. P.SALA       CASA            ^]_17:45:40,09-30-2025",#005544|Nri1UX16^C. P.SALA       CASA            ^
2025-09-30T17:45:16.715519,005544,999,L0,R0,1,"4EB1005E""SIA-DCS""6925L0#005544[#005544|Nri1UX16^C. P.SALA       CASA            ^]_17:45:40,09-30-2025",#005544|Nri1UX16^C. P.SALA       CASA            ^
2025-09-30T17:45:17.676052,005544,999,L0,R0,1,"4EB1005E""SIA-DCS""6925L0#005544[#005544|Nri1UX16^C. P.SALA       CASA            ^]_17:45:40,09-30-2025",#005544|Nri1UX16^C. P.SALA       CASA            ^
2025-09-30T17:45:18.635760,005544,999,L0,R0,1,"4EB1005E""SIA-DCS""6925L0#005544[#005544|Nri1UX16^C. P.SALA       CASA            ^]_17:45:40,09-30-2025",#005544|Nri1UX16^C. P.SALA       CASA            ^
2025-09-30T17:45:44.883455,005544,999,L0,R0,1,"0C4E005E""SIA-DCS""6925L0#005544[#005544|Nri1UX16^C. P.SALA       CASA            ^]_17:45:51,09-30-2025",#005544|Nri1UX16^C. P.SALA       CASA            ^
2025-09-30T17:45:45.840333,005544,999,L0,R0,1,"0C4E005E""SIA-DCS""6925L0#005544[#005544|Nri1UX16^C. P.SALA       CASA            ^]_17:45:51,09-30-2025",#005544|Nri1UX16^C. P.SALA       CASA            ^
2025-09-30T17:45:46.801131,005544,999,L0,R0,1,"0C4E005E""SIA-DCS""6925L0#005544[#005544|Nri1UX16^C. P.SALA       CASA            ^]_17:45:51,09-30-2025",#005544|Nri1UX16^C. P.SALA       CASA            ^
2025-09-30T17:48:03.853539,005544,999,L0,R0,1,"5602005E""SIA-DCS""6925L0#005544[#005544|Nri1UX17^C. P.CUCINA     CASA            ^]_17:48:28,09-30-2025",#005544|Nri1UX17^C. P.CUCINA     CASA            ^
2025-09-30T17:48:04.809224,005544,999,L0,R0,1,"5602005E""SIA-DCS""6925L0#005544[#005544|Nri1UX17^C. P.CUCINA     CASA            ^]_17:48:28,09-30-2025",#005544|Nri1UX17^C. P.CUCINA     CASA            ^
2025-09-30T17:48:05.769047,005544,999,L0,R0,1,"5602005E""SIA-DCS""6925L0#005544[#005544|Nri1UX17^C. P.CUCINA     CASA            ^]_17:48:28,09-30-2025",#005544|Nri1UX17^C. P.CUCINA     CASA            ^
2025-09-30T17:48:06.728894,005544,999,L0,R0,1,"5602005E""SIA-DCS""6925L0#005544[#005544|Nri1UX17^C. P.CUCINA     CASA            ^]_17:48:28,09-30-2025",#005544|Nri1UX17^C. P.CUCINA     CASA            ^
2025-09-30T17:53:23.489395,005544,999,L0,R0,1,"1395005E""SIA-DCS""6925L0#005544[#005544|Nri1UX17^C. P.CUCINA     CASA            ^]_17:53:47,09-30-2025",#005544|Nri1UX17^C. P.CUCINA     CASA            ^
2025-09-30T17:53:24.452383,005544,999,L0,R0,1,"1395005E""SIA-DCS""6925L0#005544[#005544|Nri1UX17^C. P.CUCINA     CASA            ^]_17:53:47,09-30-2025",#005544|Nri1UX17^C. P.CUCINA     CASA            ^
2025-09-30T17:53:25.406049,005544,999,L0,R0,1,"1395005E""SIA-DCS""6925L0#005544[#005544|Nri1UX17^C. P.CUCINA     CASA            ^]_17:53:47,09-30-2025",#005544|Nri1UX17^C. P.CUCINA     CASA            ^
2025-09-30T17:53:26.366256,005544,999,L0,R0,1,"1395005E""SIA-DCS""6925L0#005544[#005544|Nri1UX17^C. P.CUCINA     CASA            ^]_17:53:47,09-30-2025",#005544|Nri1UX17^C. P.CUCINA     CASA            ^
2025-09-30T17:53:43.609960,005544,999,L0,R0,1,"E146005E""SIA-DCS""6925L0#005544[#005544|Nri1UX11^C. P.INGRESSO   CASA            ^]_17:54:06,09-30-2025",#005544|Nri1UX11^C. P.INGRESSO   CASA            ^
2025-09-30T17:53:44.565952,005544,999,L0,R0,1,"E146005E""SIA-DCS""6925L0#005544[#005544|Nri1UX11^C. P.INGRESSO   CASA            ^]_17:54:06,09-30-2025",#005544|Nri1UX11^C. P.INGRESSO   CASA            ^
2025-09-30T17:53:45.525973,005544,999,L0,R0,1,"E146005E""SIA-DCS""6925L0#005544[#005544|Nri1UX11^C. P.INGRESSO   CASA            ^]_17:54:06,09-30-2025",#005544|Nri1UX11^C. P.INGRESSO   CASA            ^
2025-09-30T17:53:46.485783,005544,999,L0,R0,1,"E146005E""SIA-DCS""6925L0#005544[#005544|Nri1UX11^C. P.INGRESSO   CASA            ^]_17:54:06,09-30-2025",#005544|Nri1UX11^C. P.INGRESSO   CASA            ^
2025-09-30T17:54:00.764442,005544,999,L0,R0,1,"6CB0005E""SIA-DCS""6925L0#005544[#005544|Nri1UX11^C. P.INGRESSO   CASA            ^]_17:54:22,09-30-2025",#005544|Nri1UX11^C. P.INGRESSO   CASA            ^
2025-09-30T17:54:01.721146,005544,999,L0,R0,1,"6CB0005E""SIA-DCS""6925L0#005544[#005544|Nri1UX11^C. P.INGRESSO   CASA            ^]_17:54:22,09-30-2025",#005544|Nri1UX11^C. P.INGRESSO   CASA            ^
2025-09-30T17:54:02.681746,005544,999,L0,R0,1,"6CB0005E""SIA-DCS""6925L0#005544[#005544|Nri1UX11^C. P.INGRESSO   CASA            ^]_17:54:22,09-30-2025",#005544|Nri1UX11^C. P.INGRESSO   CASA            ^
2025-09-30T17:54:03.641251,005544,999,L0,R0,1,"6CB0005E""SIA-DCS""6925L0#005544[#005544|Nri1UX11^C. P.INGRESSO   CASA            ^]_17:54:22,09-30-2025",#005544|Nri1UX11^C. P.INGRESSO   CASA            ^
2025-09-30T17:54:35.874717,005544,999,L0,R0,2,"A1CB005E""SIA-DCS""6925L0#005544[#005544|Nri2UX37^C.P.SEMINTERRATOGARAGE          ^]_17:54:58,09-30-2025",#005544|Nri2UX37^C.P.SEMINTERRATOGARAGE          ^
2025-09-30T17:54:36.831169,005544,999,L0,R0,2,"A1CB005E""SIA-DCS""6925L0#005544[#005544|Nri2UX37^C.P.SEMINTERRATOGARAGE          ^]_17:54:58,09-30-2025",#005544|Nri2UX37^C.P.SEMINTERRATOGARAGE          ^
2025-09-30T17:54:37.790724,005544,999,L0,R0,2,"A1CB005E""SIA-DCS""6925L0#005544[#005544|Nri2UX37^C.P.SEMINTERRATOGARAGE          ^]_17:54:58,09-30-2025",#005544|Nri2UX37^C.P.SEMINTERRATOGARAGE          ^
2025-09-30T17:54:38.751008,005544,999,L0,R0,2,"A1CB005E""SIA-DCS""6925L0#005544[#005544|Nri2UX37^C.P.SEMINTERRATOGARAGE          ^]_17:54:58,09-30-2025",#005544|Nri2UX37^C.P.SEMINTERRATOGARAGE          ^
2025-09-30T18:01:37.355939,005544,999,L0,R0,2,"FEAD005E""SIA-DCS""6925L0#005544[#005544|Nri2UX37^C.P.SEMINTERRATOGARAGE          ^]_18:02:01,09-30-2025",#005544|Nri2UX37^C.P.SEMINTERRATOGARAGE          ^
2025-09-30T18:01:38.312008,005544,999,L0,R0,2,"FEAD005E""SIA-DCS""6925L0#005544[#005544|Nri2UX37^C.P.SEMINTERRATOGARAGE          ^]_18:02:01,09-30-2025",#005544|Nri2UX37^C.P.SEMINTERRATOGARAGE          ^
2025-09-30T18:01:39.271935,005544,999,L0,R0,2,"FEAD005E""SIA-DCS""6925L0#005544[#005544|Nri2UX37^C.P.SEMINTERRATOGARAGE          ^]_18:02:01,09-30-2025",#005544|Nri2UX37^C.P.SEMINTERRATOGARAGE          ^
2025-09-30T18:01:40.232729,005544,999,L0,R0,2,"FEAD005E""SIA-DCS""6925L0#005544[#005544|Nri2UX37^C.P.SEMINTERRATOGARAGE          ^]_18:02:01,09-30-2025",#005544|Nri2UX37^C.P.SEMINTERRATOGARAGE          ^
2025-09-30T18:02:18.470878,005544,999,L0,R0,1,"ECCF005E""SIA-DCS""6925L0#005544[#005544|Nri1UX11^C. P.INGRESSO   CASA            ^]_18:02:42,09-30-2025",#005544|Nri1UX11^C. P.INGRESSO   CASA            ^
2025-09-30T18:02:19.426406,005544,999,L0,R0,1,"ECCF005E""SIA-DCS""6925L0#005544[#005544|Nri1UX11^C. P.INGRESSO   CASA            ^]_18:02:42,09-30-2025",#005544|Nri1UX11^C. P.INGRESSO   CASA            ^
2025-09-30T18:02:20.387407,005544,999,L0,R0,1,"ECCF005E""SIA-DCS""6925L0#005544[#005544|Nri1UX11^C. P.INGRESSO   CASA            ^]_18:02:42,09-30-2025",#005544|Nri1UX11^C. P.INGRESSO   CASA            ^
2025-09-30T18:02:21.346782,005544,999,L0,R0,1,"ECCF005E""SIA-DCS""6925L0#005544[#005544|Nri1UX11^C. P.INGRESSO   CASA            ^]_18:02:42,09-30-2025",#005544|Nri1UX11^C. P.INGRESSO   CASA            ^
2025-09-30T18:02:29.598910,005544,999,L0,R0,1,"1957005E""SIA-DCS""6925L0#005544[#005544|Nri1UX17^C. P.CUCINA     CASA            ^]_18:02:53,09-30-2025",#005544|Nri1UX17^C. P.CUCINA     CASA            ^
2025-09-30T18:02:30.556943,005544,999,L0,R0,1,"1957005E""SIA-DCS""6925L0#005544[#005544|Nri1UX17^C. P.CUCINA     CASA            ^]_18:02:53,09-30-2025",#005544|Nri1UX17^C. P.CUCINA     CASA            ^
2025-09-30T18:02:31.517408,005544,999,L0,R0,1,"1957005E""SIA-DCS""6925L0#005544[#005544|Nri1UX17^C. P.CUCINA     CASA            ^]_18:02:53,09-30-2025",#005544|Nri1UX17^C. P.CUCINA     CASA            ^
2025-09-30T18:02:32.476287,005544,999,L0,R0,1,"1957005E""SIA-DCS""6925L0#005544[#005544|Nri1UX17^C. P.CUCINA     CASA            ^]_18:02:53,09-30-2025",#005544|Nri1UX17^C. P.CUCINA     CASA            ^
2025-09-30T18:03:07.695296,005544,999,L0,R0,1,"DB9B005E""SIA-DCS""6925L0#005544[#005544|Nri1UX17^C. P.CUCINA     CASA            ^]_18:03:30,09-30-2025",#005544|Nri1UX17^C. P.CUCINA     CASA            ^
2025-09-30T18:03:08.651338,005544,999,L0,R0,1,"DB9B005E""SIA-DCS""6925L0#005544[#005544|Nri1UX17^C. P.CUCINA     CASA            ^]_18:03:30,09-30-2025",#005544|Nri1UX17^C. P.CUCINA     CASA            ^
2025-09-30T18:03:09.611071,005544,999,L0,R0,1,"DB9B005E""SIA-DCS""6925L0#005544[#005544|Nri1UX17^C. P.CUCINA     CASA            ^]_18:03:30,09-30-2025",#005544|Nri1UX17^C. P.CUCINA     CASA            ^
2025-09-30T18:03:10.571013,005544,999,L0,R0,1,"DB9B005E""SIA-DCS""6925L0#005544[#005544|Nri1UX17^C. P.CUCINA     CASA            ^]_18:03:30,09-30-2025",#005544|Nri1UX17^C. P.CUCINA     CASA            ^
2025-09-30T18:05:03.674490,005544,999,L0,R0,1,"3099005E""SIA-DCS""6925L0#005544[#005544|Nri1UX11^C. P.INGRESSO   CASA            ^]_18:05:28,09-30-2025",#005544|Nri1UX11^C. P.INGRESSO   CASA            ^
2025-09-30T18:05:04.630173,005544,999,L0,R0,1,"3099005E""SIA-DCS""6925L0#005544[#005544|Nri1UX11^C. P.INGRESSO   CASA            ^]_18:05:28,09-30-2025",#005544|Nri1UX11^C. P.INGRESSO   CASA            ^
2025-09-30T18:05:05.590080,005544,999,L0,R0,1,"3099005E""SIA-DCS""6925L0#005544[#005544|Nri1UX11^C. P.INGRESSO   CASA            ^]_18:05:28,09-30-2025",#005544|Nri1UX11^C. P.INGRESSO   CASA            ^
2025-09-30T18:05:06.551006,005544,999,L0,R0,1,"3099005E""SIA-DCS""6925L0#005544[#005544|Nri1UX11^C. P.INGRESSO   CASA            ^]_18:05:28,09-30-2025",#005544|Nri1UX11^C. P.INGRESSO   CASA            ^
2025-09-30T18:16:31.737866,005544,999,L0,R0,1,"35FD005E""SIA-DCS""6925L0#005544[#005544|Nri1UX11^C. P.INGRESSO   CASA            ^]_18:16:55,09-30-2025",#005544|Nri1UX11^C. P.INGRESSO   CASA            ^
2025-09-30T18:16:32.694285,005544,999,L0,R0,1,"35FD005E""SIA-DCS""6925L0#005544[#005544|Nri1UX11^C. P.INGRESSO   CASA            ^]_18:16:55,09-30-2025",#005544|Nri1UX11^C. P.INGRESSO   CASA            ^
2025-09-30T18:16:33.654137,005544,999,L0,R0,1,"35FD005E""SIA-DCS""6925L0#005544[#005544|Nri1UX11^C. P.INGRESSO   CASA            ^]_18:16:55,09-30-2025",#005544|Nri1UX11^C. P.INGRESSO   CASA            ^
2025-09-30T18:16:34.619792,005544,999,L0,R0,1,"35FD005E""SIA-DCS""6925L0#005544[#005544|Nri1UX11^C. P.INGRESSO   CASA            ^]_18:16:55,09-30-2025",#005544|Nri1UX11^C. P.INGRESSO   CASA            ^
2025-09-30T18:17:03.878063,005544,999,L0,R0,1,"7633005E""SIA-DCS""6925L0#005544[#005544|Nri1UX11^C. P.INGRESSO   CASA            ^]_18:17:26,09-30-2025",#005544|Nri1UX11^C. P.INGRESSO   CASA            ^
2025-09-30T18:17:04.833484,005544,999,L0,R0,1,"7633005E""SIA-DCS""6925L0#005544[#005544|Nri1UX11^C. P.INGRESSO   CASA            ^]_18:17:26,09-30-2025",#005544|Nri1UX11^C. P.INGRESSO   CASA            ^
2025-09-30T18:17:05.794098,005544,999,L0,R0,1,"7633005E""SIA-DCS""6925L0#005544[#005544|Nri1UX11^C. P.INGRESSO   CASA            ^]_18:17:26,09-30-2025",#005544|Nri1UX11^C. P.INGRESSO   CASA            ^
2025-09-30T18:17:06.753808,005544,999,L0,R0,1,"7633005E""SIA-DCS""6925L0#005544[#005544|Nri1UX11^C. P.INGRESSO   CASA            ^]_18:17:26,09-30-2025",#005544|Nri1UX11^C. P.INGRESSO   CASA            ^
2025-09-30T18:26:11.173202,005544,999,L0,R0,2,"5616005E""SIA-DCS""6925L0#005544[#005544|Nri2UX36^C. BASCULANTE   GARAGE          ^]_18:26:34,09-30-2025",#005544|Nri2UX36^C. BASCULANTE   GARAGE          ^
2025-09-30T18:26:12.128752,005544,999,L0,R0,2,"5616005E""SIA-DCS""6925L0#005544[#005544|Nri2UX36^C. BASCULANTE   GARAGE          ^]_18:26:34,09-30-2025",#005544|Nri2UX36^C. BASCULANTE   GARAGE          ^
2025-09-30T18:26:13.089158,005544,999,L0,R0,2,"5616005E""SIA-DCS""6925L0#005544[#005544|Nri2UX36^C. BASCULANTE   GARAGE          ^]_18:26:34,09-30-2025",#005544|Nri2UX36^C. BASCULANTE   GARAGE          ^
2025-09-30T18:26:14.048885,005544,999,L0,R0,2,"5616005E""SIA-DCS""6925L0#005544[#005544|Nri2UX36^C. BASCULANTE   GARAGE          ^]_18:26:34,09-30-2025",#005544|Nri2UX36^C. BASCULANTE   GARAGE          ^
2025-09-30T18:27:25.197306,005544,999,L0,R0,1,"E209005E""SIA-DCS""6925L0#005544[#005544|Nri1UX17^C. P.CUCINA     CASA            ^]_18:27:49,09-30-2025",#005544|Nri1UX17^C. P.CUCINA     CASA            ^
2025-09-30T18:27:26.153879,005544,999,L0,R0,1,"E209005E""SIA-DCS""6925L0#005544[#005544|Nri1UX17^C. P.CUCINA     CASA            ^]_18:27:49,09-30-2025",#005544|Nri1UX17^C. P.CUCINA     CASA            ^
2025-09-30T18:27:27.113741,005544,999,L0,R0,1,"E209005E""SIA-DCS""6925L0#005544[#005544|Nri1UX17^C. P.CUCINA     CASA            ^]_18:27:49,09-30-2025",#005544|Nri1UX17^C. P.CUCINA     CASA            ^
2025-09-30T18:27:28.073827,005544,999,L0,R0,1,"E209005E""SIA-DCS""6925L0#005544[#005544|Nri1UX17^C. P.CUCINA     CASA            ^]_18:27:49,09-30-2025",#005544|Nri1UX17^C. P.CUCINA     CASA            ^
2025-09-30T18:27:51.315637,005544,999,L0,R0,2,"109F005E""SIA-DCS""6925L0#005544[#005544|Nri2UX36^C. BASCULANTE   GARAGE          ^]_18:28:14,09-30-2025",#005544|Nri2UX36^C. BASCULANTE   GARAGE          ^
2025-09-30T18:27:52.273738,005544,999,L0,R0,2,"109F005E""SIA-DCS""6925L0#005544[#005544|Nri2UX36^C. BASCULANTE   GARAGE          ^]_18:28:14,09-30-2025",#005544|Nri2UX36^C. BASCULANTE   GARAGE          ^
2025-09-30T18:27:53.233399,005544,999,L0,R0,2,"109F005E""SIA-DCS""6925L0#005544[#005544|Nri2UX36^C. BASCULANTE   GARAGE          ^]_18:28:14,09-30-2025",#005544|Nri2UX36^C. BASCULANTE   GARAGE          ^
2025-09-30T18:27:54.193487,005544,999,L0,R0,2,"109F005E""SIA-DCS""6925L0#005544[#005544|Nri2UX36^C. BASCULANTE   GARAGE          ^]_18:28:14,09-30-2025",#005544|Nri2UX36^C. BASCULANTE   GARAGE          ^
2025-09-30T18:28:41.405945,005544,999,L0,R0,2,"5F9E005E""SIA-DCS""6925L0#005544[#005544|Nri2UX37^C.P.SEMINTERRATOGARAGE          ^]_18:29:03,09-30-2025",#005544|Nri2UX37^C.P.SEMINTERRATOGARAGE          ^
2025-09-30T18:28:42.363730,005544,999,L0,R0,2,"5F9E005E""SIA-DCS""6925L0#005544[#005544|Nri2UX37^C.P.SEMINTERRATOGARAGE          ^]_18:29:03,09-30-2025",#005544|Nri2UX37^C.P.SEMINTERRATOGARAGE          ^
2025-09-30T18:28:43.322839,005544,999,L0,R0,2,"5F9E005E""SIA-DCS""6925L0#005544[#005544|Nri2UX37^C.P.SEMINTERRATOGARAGE          ^]_18:29:03,09-30-2025",#005544|Nri2UX37^C.P.SEMINTERRATOGARAGE          ^
2025-09-30T18:28:44.283358,005544,999,L0,R0,2,"5F9E005E""SIA-DCS""6925L0#005544[#005544|Nri2UX37^C.P.SEMINTERRATOGARAGE          ^]_18:29:03,09-30-2025",#005544|Nri2UX37^C.P.SEMINTERRATOGARAGE          ^
2025-09-30T18:28:49.205813,005544,999,L0,R0,1,"3C6A005E""SIA-DCS""6925L0#005544[#005544|Nri1UX17^C. P.CUCINA     CASA            ^]_18:29:11,09-30-2025",#005544|Nri1UX17^C. P.CUCINA     CASA            ^
2025-09-30T18:28:50.162445,005544,999,L0,R0,1,"3C6A005E""SIA-DCS""6925L0#005544[#005544|Nri1UX17^C. P.CUCINA     CASA            ^]_18:29:11,09-30-2025",#005544|Nri1UX17^C. P.CUCINA     CASA            ^
2025-09-30T18:28:51.123031,005544,999,L0,R0,1,"3C6A005E""SIA-DCS""6925L0#005544[#005544|Nri1UX17^C. P.CUCINA     CASA            ^]_18:29:11,09-30-2025",#005544|Nri1UX17^C. P.CUCINA     CASA            ^
2025-09-30T18:28:52.082684,005544,999,L0,R0,1,"3C6A005E""SIA-DCS""6925L0#005544[#005544|Nri1UX17^C. P.CUCINA     CASA            ^]_18:29:11,09-30-2025",#005544|Nri1UX17^C. P.CUCINA     CASA            ^
2025-09-30T18:28:56.420027,005544,999,L0,R0,2,"DA60005E""SIA-DCS""6925L0#005544[#005544|Nri2UX37^C.P.SEMINTERRATOGARAGE          ^]_18:29:21,09-30-2025",#005544|Nri2UX37^C.P.SEMINTERRATOGARAGE          ^
2025-09-30T18:28:57.377688,005544,999,L0,R0,2,"DA60005E""SIA-DCS""6925L0#005544[#005544|Nri2UX37^C.P.SEMINTERRATOGARAGE          ^]_18:29:21,09-30-2025",#005544|Nri2UX37^C.P.SEMINTERRATOGARAGE          ^
2025-09-30T18:28:58.337698,005544,999,L0,R0,2,"DA60005E""SIA-DCS""6925L0#005544[#005544|Nri2UX37^C.P.SEMINTERRATOGARAGE          ^]_18:29:21,09-30-2025",#005544|Nri2UX37^C.P.SEMINTERRATOGARAGE          ^
2025-09-30T18:28:59.297832,005544,999,L0,R0,2,"DA60005E""SIA-DCS""6925L0#005544[#005544|Nri2UX37^C.P.SEMINTERRATOGARAGE          ^]_18:29:21,09-30-2025",#005544|Nri2UX37^C.P.SEMINTERRATOGARAGE          ^
2025-09-30T18:29:13.550220,005544,999,L0,R0,1,"06FB005E""SIA-DCS""6925L0#005544[#005544|Nri1UX11^C. P.INGRESSO   CASA            ^]_18:29:35,09-30-2025",#005544|Nri1UX11^C. P.INGRESSO   CASA            ^
2025-09-30T18:29:14.508430,005544,999,L0,R0,1,"06FB005E""SIA-DCS""6925L0#005544[#005544|Nri1UX11^C. P.INGRESSO   CASA            ^]_18:29:35,09-30-2025",#005544|Nri1UX11^C. P.INGRESSO   CASA            ^
2025-09-30T18:29:15.466735,005544,999,L0,R0,1,"06FB005E""SIA-DCS""6925L0#005544[#005544|Nri1UX11^C. P.INGRESSO   CASA            ^]_18:29:35,09-30-2025",#005544|Nri1UX11^C. P.INGRESSO   CASA            ^
2025-09-30T18:29:16.428082,005544,999,L0,R0,1,"06FB005E""SIA-DCS""6925L0#005544[#005544|Nri1UX11^C. P.INGRESSO   CASA            ^]_18:29:35,09-30-2025",#005544|Nri1UX11^C. P.INGRESSO   CASA            ^
2025-09-30T18:29:21.315769,005544,999,L0,R0,1,"41F0005E""SIA-DCS""6925L0#005544[#005544|Nri1UX11^C. P.INGRESSO   CASA            ^]_18:29:45,09-30-2025",#005544|Nri1UX11^C. P.INGRESSO   CASA            ^
2025-09-30T18:29:22.272659,005544,999,L0,R0,1,"41F0005E""SIA-DCS""6925L0#005544[#005544|Nri1UX11^C. P.INGRESSO   CASA            ^]_18:29:45,09-30-2025",#005544|Nri1UX11^C. P.INGRESSO   CASA            ^
2025-09-30T18:29:23.233298,005544,999,L0,R0,1,"41F0005E""SIA-DCS""6925L0#005544[#005544|Nri1UX11^C. P.INGRESSO   CASA            ^]_18:29:45,09-30-2025",#005544|Nri1UX11^C. P.INGRESSO   CASA            ^
2025-09-30T18:29:24.191880,005544,999,L0,R0,1,"41F0005E""SIA-DCS""6925L0#005544[#005544|Nri1UX11^C. P.INGRESSO   CASA            ^]_18:29:45,09-30-2025",#005544|Nri1UX11^C. P.INGRESSO   CASA            ^
2025-09-30T18:29:38.450218,005544,999,L0,R0,1,"2F64005E""SIA-DCS""6925L0#005544[#005544|Nri1UX17^C. P.CUCINA     CASA            ^]_18:30:02,09-30-2025",#005544|Nri1UX17^C. P.CUCINA     CASA            ^
2025-09-30T18:29:39.407841,005544,999,L0,R0,1,"2F64005E""SIA-DCS""6925L0#005544[#005544|Nri1UX17^C. P.CUCINA     CASA            ^]_18:30:02,09-30-2025",#005544|Nri1UX17^C. P.CUCINA     CASA            ^
2025-09-30T18:29:40.367341,005544,999,L0,R0,1,"2F64005E""SIA-DCS""6925L0#005544[#005544|Nri1UX17^C. P.CUCINA     CASA            ^]_18:30:02,09-30-2025",#005544|Nri1UX17^C. P.CUCINA     CASA            ^
2025-09-30T18:29:41.327883,005544,999,L0,R0,1,"2F64005E""SIA-DCS""6925L0#005544[#005544|Nri1UX17^C. P.CUCINA     CASA            ^]_18:30:02,09-30-2025",#005544|Nri1UX17^C. P.CUCINA     CASA            ^
2025-09-30T18:29:55.589818,005544,999,L0,R0,1,"7583005E""SIA-DCS""6925L0#005544[#005544|Nri1UX17^C. P.CUCINA     CASA            ^]_18:30:19,09-30-2025",#005544|Nri1UX17^C. P.CUCINA     CASA            ^
2025-09-30T18:29:56.547182,005544,999,L0,R0,1,"7583005E""SIA-DCS""6925L0#005544[#005544|Nri1UX17^C. P.CUCINA     CASA            ^]_18:30:19,09-30-2025",#005544|Nri1UX17^C. P.CUCINA     CASA            ^
2025-09-30T18:29:57.507631,005544,999,L0,R0,1,"7583005E""SIA-DCS""6925L0#005544[#005544|Nri1UX17^C. P.CUCINA     CASA            ^]_18:30:19,09-30-2025",#005544|Nri1UX17^C. P.CUCINA     CASA            ^
2025-09-30T18:29:58.466812,005544,999,L0,R0,1,"7583005E""SIA-DCS""6925L0#005544[#005544|Nri1UX17^C. P.CUCINA     CASA            ^]_18:30:19,09-30-2025",#005544|Nri1UX17^C. P.CUCINA     CASA            ^
2025-09-30T18:35:54.183088,005544,999,L0,R0,1,"039F005E""SIA-DCS""6925L0#005544[#005544|Nri1UX11^C. P.INGRESSO   CASA            ^]_18:36:18,09-30-2025",#005544|Nri1UX11^C. P.INGRESSO   CASA            ^
2025-09-30T18:35:55.139193,005544,999,L0,R0,1,"039F005E""SIA-DCS""6925L0#005544[#005544|Nri1UX11^C. P.INGRESSO   CASA            ^]_18:36:18,09-30-2025",#005544|Nri1UX11^C. P.INGRESSO   CASA            ^
2025-09-30T18:35:56.099214,005544,999,L0,R0,1,"039F005E""SIA-DCS""6925L0#005544[#005544|Nri1UX11^C. P.INGRESSO   CASA            ^]_18:36:18,09-30-2025",#005544|Nri1UX11^C. P.INGRESSO   CASA            ^
2025-09-30T18:35:57.059669,005544,999,L0,R0,1,"039F005E""SIA-DCS""6925L0#005544[#005544|Nri1UX11^C. P.INGRESSO   CASA            ^]_18:36:18,09-30-2025",#005544|Nri1UX11^C. P.INGRESSO   CASA            ^
2025-09-30T18:38:08.116602,005544,999,L0,R0,1,"5D0E005E""SIA-DCS""6925L0#005544[#005544|Nri1UX11^C. P.INGRESSO   CASA            ^]_18:38:32,09-30-2025",#005544|Nri1UX11^C. P.INGRESSO   CASA            ^
2025-09-30T18:38:09.072875,005544,999,L0,R0,1,"5D0E005E""SIA-DCS""6925L0#005544[#005544|Nri1UX11^C. P.INGRESSO   CASA            ^]_18:38:32,09-30-2025",#005544|Nri1UX11^C. P.INGRESSO   CASA            ^
2025-09-30T18:38:10.033377,005544,999,L0,R0,1,"5D0E005E""SIA-DCS""6925L0#005544[#005544|Nri1UX11^C. P.INGRESSO   CASA            ^]_18:38:32,09-30-2025",#005544|Nri1UX11^C. P.INGRESSO   CASA            ^
2025-09-30T18:38:10.992969,005544,999,L0,R0,1,"5D0E005E""SIA-DCS""6925L0#005544[#005544|Nri1UX11^C. P.INGRESSO   CASA            ^]_18:38:32,09-30-2025",#005544|Nri1UX11^C. P.INGRESSO   CASA            ^
2025-09-30T18:41:15.980101,005544,999,L0,R0,1,"0507005E""SIA-DCS""6925L0#005544[#005544|Nri1UX17^C. P.CUCINA     CASA            ^]_18:41:39,09-30-2025",#005544|Nri1UX17^C. P.CUCINA     CASA            ^
2025-09-30T18:41:16.936890,005544,999,L0,R0,1,"0507005E""SIA-DCS""6925L0#005544[#005544|Nri1UX17^C. P.CUCINA     CASA            ^]_18:41:39,09-30-2025",#005544|Nri1UX17^C. P.CUCINA     CASA            ^
2025-09-30T18:41:17.877232,005544,999,L0,R0,1,"0507005E""SIA-DCS""6925L0#005544[#005544|Nri1UX17^C. P.CUCINA     CASA            ^]_18:41:39,09-30-2025",#005544|Nri1UX17^C. P.CUCINA     CASA            ^
2025-09-30T18:41:18.836835,005544,999,L0,R0,1,"0507005E""SIA-DCS""6925L0#005544[#005544|Nri1UX17^C. P.CUCINA     CASA            ^]_18:41:39,09-30-2025",#005544|Nri1UX17^C. P.CUCINA     CASA            ^
2025-09-30T18:41:23.089250,005544,999,L0,R0,1,"99E9005E""SIA-DCS""6925L0#005544[#005544|Nri1UX17^C. P.CUCINA     CASA            ^]_18:41:42,09-30-2025",#005544|Nri1UX17^C. P.CUCINA     CASA            ^
2025-09-30T18:41:24.046252,005544,999,L0,R0,1,"99E9005E""SIA-DCS""6925L0#005544[#005544|Nri1UX17^C. P.CUCINA     CASA            ^]_18:41:42,09-30-2025",#005544|Nri1UX17^C. P.CUCINA     CASA            ^
2025-09-30T18:41:25.006702,005544,999,L0,R0,1,"99E9005E""SIA-DCS""6925L0#005544[#005544|Nri1UX17^C. P.CUCINA     CASA            ^]_18:41:42,09-30-2025",#005544|Nri1UX17^C. P.CUCINA     CASA            ^
2025-09-30T18:41:25.967173,005544,999,L0,R0,1,"99E9005E""SIA-DCS""6925L0#005544[#005544|Nri1UX17^C. P.CUCINA     CASA            ^]_18:41:42,09-30-2025",#005544|Nri1UX17^C. P.CUCINA     CASA            ^
2025-09-30T18:41:37.229224,005544,999,L0,R0,1,"33C4005E""SIA-DCS""6925L0#005544[#005544|Nri1UX13^C.F.MATRIMONIALECASA            ^]_18:42:00,09-30-2025",#005544|Nri1UX13^C.F.MATRIMONIALECASA            ^
2025-09-30T18:41:38.186121,005544,999,L0,R0,1,"33C4005E""SIA-DCS""6925L0#005544[#005544|Nri1UX13^C.F.MATRIMONIALECASA            ^]_18:42:00,09-30-2025",#005544|Nri1UX13^C.F.MATRIMONIALECASA            ^
2025-09-30T18:41:39.158621,005544,999,L0,R0,1,"33C4005E""SIA-DCS""6925L0#005544[#005544|Nri1UX13^C.F.MATRIMONIALECASA            ^]_18:42:00,09-30-2025",#005544|Nri1UX13^C.F.MATRIMONIALECASA            ^
2025-09-30T18:41:40.106388,005544,999,L0,R0,1,"33C4005E""SIA-DCS""6925L0#005544[#005544|Nri1UX13^C.F.MATRIMONIALECASA            ^]_18:42:00,09-30-2025",#005544|Nri1UX13^C.F.MATRIMONIALECASA            ^
2025-09-30T18:41:57.355021,005544,999,L0,R0,1,"5EA3005E""SIA-DCS""6925L0#005544[#005544|Nri1UX17^C. P.CUCINA     CASA            ^]_18:42:22,09-30-2025",#005544|Nri1UX17^C. P.CUCINA     CASA            ^
2025-09-30T18:41:58.311717,005544,999,L0,R0,1,"5EA3005E""SIA-DCS""6925L0#005544[#005544|Nri1UX17^C. P.CUCINA     CASA            ^]_18:42:22,09-30-2025",#005544|Nri1UX17^C. P.CUCINA     CASA            ^
2025-09-30T18:41:59.271268,005544,999,L0,R0,1,"5EA3005E""SIA-DCS""6925L0#005544[#005544|Nri1UX17^C. P.CUCINA     CASA            ^]_18:42:22,09-30-2025",#005544|Nri1UX17^C. P.CUCINA     CASA            ^
2025-09-30T18:42:00.231740,005544,999,L0,R0,1,"5EA3005E""SIA-DCS""6925L0#005544[#005544|Nri1UX17^C. P.CUCINA     CASA            ^]_18:42:22,09-30-2025",#005544|Nri1UX17^C. P.CUCINA     CASA            ^
2025-09-30T18:43:14.368820,005544,999,L0,R0,1,"C778005E""SIA-DCS""6925L0#005544[#005544|Nri1UX17^C. P.CUCINA     CASA            ^]_18:43:38,09-30-2025",#005544|Nri1UX17^C. P.CUCINA     CASA            ^
2025-09-30T18:43:15.325859,005544,999,L0,R0,1,"C778005E""SIA-DCS""6925L0#005544[#005544|Nri1UX17^C. P.CUCINA     CASA            ^]_18:43:38,09-30-2025",#005544|Nri1UX17^C. P.CUCINA     CASA            ^
2025-09-30T18:43:16.286208,005544,999,L0,R0,1,"C778005E""SIA-DCS""6925L0#005544[#005544|Nri1UX17^C. P.CUCINA     CASA            ^]_18:43:38,09-30-2025",#005544|Nri1UX17^C. P.CUCINA     CASA            ^
2025-09-30T18:43:17.246207,005544,999,L0,R0,1,"C778005E""SIA-DCS""6925L0#005544[#005544|Nri1UX17^C. P.CUCINA     CASA            ^]_18:43:38,09-30-2025",#005544|Nri1UX17^C. P.CUCINA     CASA            ^
2025-09-30T18:47:04.132887,005544,999,L0,R0,1,"9297005E""SIA-DCS""6925L0#005544[#005544|Nri1UX17^C. P.CUCINA     CASA            ^]_18:47:26,09-30-2025",#005544|Nri1UX17^C. P.CUCINA     CASA            ^
2025-09-30T18:47:05.089516,005544,999,L0,R0,1,"9297005E""SIA-DCS""6925L0#005544[#005544|Nri1UX17^C. P.CUCINA     CASA            ^]_18:47:26,09-30-2025",#005544|Nri1UX17^C. P.CUCINA     CASA            ^
2025-09-30T18:47:06.048524,005544,999,L0,R0,1,"9297005E""SIA-DCS""6925L0#005544[#005544|Nri1UX17^C. P.CUCINA     CASA            ^]_18:47:26,09-30-2025",#005544|Nri1UX17^C. P.CUCINA     CASA            ^
2025-09-30T18:47:07.009617,005544,999,L0,R0,1,"9297005E""SIA-DCS""6925L0#005544[#005544|Nri1UX17^C. P.CUCINA     CASA            ^]_18:47:26,09-30-2025",#005544|Nri1UX17^C. P.CUCINA     CASA            ^
2025-09-30T18:47:11.591330,005544,999,L0,R0,1,"1395005E""SIA-DCS""6925L0#005544[#005544|Nri1UX17^C. P.CUCINA     CASA            ^]_18:47:36,09-30-2025",#005544|Nri1UX17^C. P.CUCINA     CASA            ^
2025-09-30T18:47:12.548940,005544,999,L0,R0,1,"1395005E""SIA-DCS""6925L0#005544[#005544|Nri1UX17^C. P.CUCINA     CASA            ^]_18:47:36,09-30-2025",#005544|Nri1UX17^C. P.CUCINA     CASA            ^
2025-09-30T18:47:13.508447,005544,999,L0,R0,1,"1395005E""SIA-DCS""6925L0#005544[#005544|Nri1UX17^C. P.CUCINA     CASA            ^]_18:47:36,09-30-2025",#005544|Nri1UX17^C. P.CUCINA     CASA            ^
2025-09-30T18:47:14.469372,005544,999,L0,R0,1,"1395005E""SIA-DCS""6925L0#005544[#005544|Nri1UX17^C. P.CUCINA     CASA            ^]_18:47:36,09-30-2025",#005544|Nri1UX17^C. P.CUCINA     CASA            ^
2025-09-30T18:47:22.742272,005544,999,L0,R0,1,"E3F9005E""SIA-DCS""6925L0#005544[#005544|Nri1UX11^C. P.INGRESSO   CASA            ^]_18:47:46,09-30-2025",#005544|Nri1UX11^C. P.INGRESSO   CASA            ^
2025-09-30T18:47:23.698927,005544,999,L0,R0,1,"E3F9005E""SIA-DCS""6925L0#005544[#005544|Nri1UX11^C. P.INGRESSO   CASA            ^]_18:47:46,09-30-2025",#005544|Nri1UX11^C. P.INGRESSO   CASA            ^
2025-09-30T18:47:24.660407,005544,999,L0,R0,1,"E3F9005E""SIA-DCS""6925L0#005544[#005544|Nri1UX11^C. P.INGRESSO   CASA            ^]_18:47:46,09-30-2025",#005544|Nri1UX11^C. P.INGRESSO   CASA            ^
2025-09-30T18:47:25.618665,005544,999,L0,R0,1,"E3F9005E""SIA-DCS""6925L0#005544[#005544|Nri1UX11^C. P.INGRESSO   CASA            ^]_18:47:46,09-30-2025",#005544|Nri1UX11^C. P.INGRESSO   CASA            ^
2025-09-30T18:47:30.175162,005544,999,L0,R0,1,"A502005E""SIA-DCS""6925L0#005544[#005544|Nri1UX11^C. P.INGRESSO   CASA            ^]_18:47:54,09-30-2025",#005544|Nri1UX11^C. P.INGRESSO   CASA            ^
2025-09-30T18:47:31.124396,005544,999,L0,R0,1,"A502005E""SIA-DCS""6925L0#005544[#005544|Nri1UX11^C. P.INGRESSO   CASA            ^]_18:47:54,09-30-2025",#005544|Nri1UX11^C. P.INGRESSO   CASA            ^
2025-09-30T18:47:32.083824,005544,999,L0,R0,1,"A502005E""SIA-DCS""6925L0#005544[#005544|Nri1UX11^C. P.INGRESSO   CASA            ^]_18:47:54,09-30-2025",#005544|Nri1UX11^C. P.INGRESSO   CASA            ^
2025-09-30T18:47:33.044173,005544,999,L0,R0,1,"A502005E""SIA-DCS""6925L0#005544[#005544|Nri1UX11^C. P.INGRESSO   CASA            ^]_18:47:54,09-30-2025",#005544|Nri1UX11^C. P.INGRESSO   CASA            ^
2025-09-30T18:47:37.317921,005544,999,L0,R0,1,"6BB0005E""SIA-DCS""6925L0#005544[#005544|Nri1UX11^C. P.INGRESSO   CASA            ^]_18:48:00,09-30-2025",#005544|Nri1UX11^C. P.INGRESSO   CASA            ^
2025-09-30T18:47:38.273215,005544,999,L0,R0,1,"6BB0005E""SIA-DCS""6925L0#005544[#005544|Nri1UX11^C. P.INGRESSO   CASA            ^]_18:48:00,09-30-2025",#005544|Nri1UX11^C. P.INGRESSO   CASA            ^
2025-09-30T18:47:39.233817,005544,999,L0,R0,1,"6BB0005E""SIA-DCS""6925L0#005544[#005544|Nri1UX11^C. P.INGRESSO   CASA            ^]_18:48:00,09-30-2025",#005544|Nri1UX11^C. P.INGRESSO   CASA            ^
2025-09-30T18:47:40.193755,005544,999,L0,R0,1,"6BB0005E""SIA-DCS""6925L0#005544[#005544|Nri1UX11^C. P.INGRESSO   CASA            ^]_18:48:00,09-30-2025",#005544|Nri1UX11^C. P.INGRESSO   CASA            ^
2025-09-30T18:48:15.412057,005544,999,L0,R0,1,"B4A9005E""SIA-DCS""6925L0#005544[#005544|Nri1UX11^C. P.INGRESSO   CASA            ^]_18:48:39,09-30-2025",#005544|Nri1UX11^C. P.INGRESSO   CASA            ^
2025-09-30T18:48:16.368878,005544,999,L0,R0,1,"B4A9005E""SIA-DCS""6925L0#005544[#005544|Nri1UX11^C. P.INGRESSO   CASA            ^]_18:48:39,09-30-2025",#005544|Nri1UX11^C. P.INGRESSO   CASA            ^
2025-09-30T18:48:17.328361,005544,999,L0,R0,1,"B4A9005E""SIA-DCS""6925L0#005544[#005544|Nri1UX11^C. P.INGRESSO   CASA            ^]_18:48:39,09-30-2025",#005544|Nri1UX11^C. P.INGRESSO   CASA            ^
2025-09-30T18:48:18.289143,005544,999,L0,R0,1,"B4A9005E""SIA-DCS""6925L0#005544[#005544|Nri1UX11^C. P.INGRESSO   CASA            ^]_18:48:39,09-30-2025",#005544|Nri1UX11^C. P.INGRESSO   CASA            ^
2025-09-30T19:03:28.106196,005544,999,L0,R0,1,"915D005E""SIA-DCS""6925L0#005544[#005544|Nri1UX11^C. P.INGRESSO   CASA            ^]_19:03:52,09-30-2025",#005544|Nri1UX11^C. P.INGRESSO   CASA            ^
2025-09-30T19:03:29.061026,005544,999,L0,R0,1,"915D005E""SIA-DCS""6925L0#005544[#005544|Nri1UX11^C. P.INGRESSO   CASA            ^]_19:03:52,09-30-2025",#005544|Nri1UX11^C. P.INGRESSO   CASA            ^
2025-09-30T19:03:30.021134,005544,999,L0,R0,1,"915D005E""SIA-DCS""6925L0#005544[#005544|Nri1UX11^C. P.INGRESSO   CASA            ^]_19:03:52,09-30-2025",#005544|Nri1UX11^C. P.INGRESSO   CASA            ^
2025-09-30T19:03:30.980701,005544,999,L0,R0,1,"915D005E""SIA-DCS""6925L0#005544[#005544|Nri1UX11^C. P.INGRESSO   CASA            ^]_19:03:52,09-30-2025",#005544|Nri1UX11^C. P.INGRESSO   CASA            ^
2025-09-30T19:04:00.233850,005544,999,L0,R0,1,"D411005E""SIA-DCS""6925L0#005544[#005544|Nri1UX11^C. P.INGRESSO   CASA            ^]_19:04:22,09-30-2025",#005544|Nri1UX11^C. P.INGRESSO   CASA            ^
2025-09-30T19:04:01.192157,005544,999,L0,R0,1,"D411005E""SIA-DCS""6925L0#005544[#005544|Nri1UX11^C. P.INGRESSO   CASA            ^]_19:04:22,09-30-2025",#005544|Nri1UX11^C. P.INGRESSO   CASA            ^
2025-09-30T19:04:02.150229,005544,999,L0,R0,1,"D411005E""SIA-DCS""6925L0#005544[#005544|Nri1UX11^C. P.INGRESSO   CASA            ^]_19:04:22,09-30-2025",#005544|Nri1UX11^C. P.INGRESSO   CASA            ^
2025-09-30T19:04:03.110257,005544,999,L0,R0,1,"D411005E""SIA-DCS""6925L0#005544[#005544|Nri1UX11^C. P.INGRESSO   CASA            ^]_19:04:22,09-30-2025",#005544|Nri1UX11^C. P.INGRESSO   CASA            ^
2025-09-30T19:04:47.332959,005544,999,L0,R0,2,"4244005E""SIA-DCS""6925L0#005544[#005544|Nri2UX37^C.P.SEMINTERRATOGARAGE          ^]_19:05:10,09-30-2025",#005544|Nri2UX37^C.P.SEMINTERRATOGARAGE          ^
2025-09-30T19:04:48.290290,005544,999,L0,R0,2,"4244005E""SIA-DCS""6925L0#005544[#005544|Nri2UX37^C.P.SEMINTERRATOGARAGE          ^]_19:05:10,09-30-2025",#005544|Nri2UX37^C.P.SEMINTERRATOGARAGE          ^
2025-09-30T19:04:49.249804,005544,999,L0,R0,2,"4244005E""SIA-DCS""6925L0#005544[#005544|Nri2UX37^C.P.SEMINTERRATOGARAGE          ^]_19:05:10,09-30-2025",#005544|Nri2UX37^C.P.SEMINTERRATOGARAGE          ^
2025-09-30T19:04:50.210424,005544,999,L0,R0,2,"4244005E""SIA-DCS""6925L0#005544[#005544|Nri2UX37^C.P.SEMINTERRATOGARAGE          ^]_19:05:10,09-30-2025",#005544|Nri2UX37^C.P.SEMINTERRATOGARAGE          ^
2025-09-30T19:05:22.454282,005544,999,L0,R0,2,"4F40005E""SIA-DCS""6925L0#005544[#005544|Nri2UX37^C.P.SEMINTERRATOGARAGE          ^]_19:05:46,09-30-2025",#005544|Nri2UX37^C.P.SEMINTERRATOGARAGE          ^
2025-09-30T19:05:23.410399,005544,999,L0,R0,2,"4F40005E""SIA-DCS""6925L0#005544[#005544|Nri2UX37^C.P.SEMINTERRATOGARAGE          ^]_19:05:46,09-30-2025",#005544|Nri2UX37^C.P.SEMINTERRATOGARAGE          ^
2025-09-30T19:05:24.370095,005544,999,L0,R0,2,"4F40005E""SIA-DCS""6925L0#005544[#005544|Nri2UX37^C.P.SEMINTERRATOGARAGE          ^]_19:05:46,09-30-2025",#005544|Nri2UX37^C.P.SEMINTERRATOGARAGE          ^
2025-09-30T19:05:25.330535,005544,999,L0,R0,2,"4F40005E""SIA-DCS""6925L0#005544[#005544|Nri2UX37^C.P.SEMINTERRATOGARAGE          ^]_19:05:46,09-30-2025",#005544|Nri2UX37^C.P.SEMINTERRATOGARAGE          ^
2025-09-30T19:24:49.732785,005544,999,L0,R0,2,"EC34005E""SIA-DCS""6925L0#005544[#005544|Nri2UX37^C.P.SEMINTERRATOGARAGE          ^]_19:25:14,09-30-2025",#005544|Nri2UX37^C.P.SEMINTERRATOGARAGE          ^
2025-09-30T19:24:50.685725,005544,999,L0,R0,2,"EC34005E""SIA-DCS""6925L0#005544[#005544|Nri2UX37^C.P.SEMINTERRATOGARAGE          ^]_19:25:14,09-30-2025",#005544|Nri2UX37^C.P.SEMINTERRATOGARAGE          ^
2025-09-30T19:24:51.645089,005544,999,L0,R0,2,"EC34005E""SIA-DCS""6925L0#005544[#005544|Nri2UX37^C.P.SEMINTERRATOGARAGE          ^]_19:25:14,09-30-2025",#005544|Nri2UX37^C.P.SEMINTERRATOGARAGE          ^
2025-09-30T19:24:52.605474,005544,999,L0,R0,2,"EC34005E""SIA-DCS""6925L0#005544[#005544|Nri2UX37^C.P.SEMINTERRATOGARAGE          ^]_19:25:14,09-30-2025",#005544|Nri2UX37^C.P.SEMINTERRATOGARAGE          ^
2025-09-30T19:26:00.783708,005544,999,L0,R0,1,"BC1A005E""SIA-DCS""6925L0#005544[#005544|Nri1UX11^C. P.INGRESSO   CASA            ^]_19:26:24,09-30-2025",#005544|Nri1UX11^C. P.INGRESSO   CASA            ^
2025-09-30T19:26:01.740989,005544,999,L0,R0,1,"BC1A005E""SIA-DCS""6925L0#005544[#005544|Nri1UX11^C. P.INGRESSO   CASA            ^]_19:26:24,09-30-2025",#005544|Nri1UX11^C. P.INGRESSO   CASA            ^
2025-09-30T19:26:02.699936,005544,999,L0,R0,1,"BC1A005E""SIA-DCS""6925L0#005544[#005544|Nri1UX11^C. P.INGRESSO   CASA            ^]_19:26:24,09-30-2025",#005544|Nri1UX11^C. P.INGRESSO   CASA            ^
2025-09-30T19:26:03.659195,005544,999,L0,R0,1,"BC1A005E""SIA-DCS""6925L0#005544[#005544|Nri1UX11^C. P.INGRESSO   CASA            ^]_19:26:24,09-30-2025",#005544|Nri1UX11^C. P.INGRESSO   CASA            ^
2025-09-30T19:26:08.277320,005544,999,L0,R0,2,"A778005E""SIA-DCS""6925L0#005544[#005544|Nri2UX37^C.P.SEMINTERRATOGARAGE          ^]_19:26:32,09-30-2025",#005544|Nri2UX37^C.P.SEMINTERRATOGARAGE          ^
2025-09-30T19:26:09.234095,005544,999,L0,R0,2,"A778005E""SIA-DCS""6925L0#005544[#005544|Nri2UX37^C.P.SEMINTERRATOGARAGE          ^]_19:26:32,09-30-2025",#005544|Nri2UX37^C.P.SEMINTERRATOGARAGE          ^
2025-09-30T19:26:10.194517,005544,999,L0,R0,2,"A778005E""SIA-DCS""6925L0#005544[#005544|Nri2UX37^C.P.SEMINTERRATOGARAGE          ^]_19:26:32,09-30-2025",#005544|Nri2UX37^C.P.SEMINTERRATOGARAGE          ^
2025-09-30T19:26:11.195074,005544,999,L0,R0,2,"A778005E""SIA-DCS""6925L0#005544[#005544|Nri2UX37^C.P.SEMINTERRATOGARAGE          ^]_19:26:32,09-30-2025",#005544|Nri2UX37^C.P.SEMINTERRATOGARAGE          ^
2025-09-30T19:26:16.112690,005544,999,L0,R0,1,"FAE1005E""SIA-DCS""6925L0#005544[#005544|Nri1UX11^C. P.INGRESSO   CASA            ^]_19:26:36,09-30-2025",#005544|Nri1UX11^C. P.INGRESSO   CASA            ^
2025-09-30T19:26:17.069440,005544,999,L0,R0,1,"FAE1005E""SIA-DCS""6925L0#005544[#005544|Nri1UX11^C. P.INGRESSO   CASA            ^]_19:26:36,09-30-2025",#005544|Nri1UX11^C. P.INGRESSO   CASA            ^
2025-09-30T19:26:18.029408,005544,999,L0,R0,1,"FAE1005E""SIA-DCS""6925L0#005544[#005544|Nri1UX11^C. P.INGRESSO   CASA            ^]_19:26:36,09-30-2025",#005544|Nri1UX11^C. P.INGRESSO   CASA            ^
2025-09-30T19:26:18.989427,005544,999,L0,R0,1,"FAE1005E""SIA-DCS""6925L0#005544[#005544|Nri1UX11^C. P.INGRESSO   CASA            ^]_19:26:36,09-30-2025",#005544|Nri1UX11^C. P.INGRESSO   CASA            ^
2025-09-30T19:27:18.157504,005544,999,L0,R0,1,"C5BD005E""SIA-DCS""6925L0#005544[#005544|Nri1UX17^C. P.CUCINA     CASA            ^]_19:27:42,09-30-2025",#005544|Nri1UX17^C. P.CUCINA     CASA            ^
2025-09-30T19:27:19.113789,005544,999,L0,R0,1,"C5BD005E""SIA-DCS""6925L0#005544[#005544|Nri1UX17^C. P.CUCINA     CASA            ^]_19:27:42,09-30-2025",#005544|Nri1UX17^C. P.CUCINA     CASA            ^
2025-09-30T19:27:20.073720,005544,999,L0,R0,1,"C5BD005E""SIA-DCS""6925L0#005544[#005544|Nri1UX17^C. P.CUCINA     CASA            ^]_19:27:42,09-30-2025",#005544|Nri1UX17^C. P.CUCINA     CASA            ^
2025-09-30T19:27:21.033188,005544,999,L0,R0,1,"C5BD005E""SIA-DCS""6925L0#005544[#005544|Nri1UX17^C. P.CUCINA     CASA            ^]_19:27:42,09-30-2025",#005544|Nri1UX17^C. P.CUCINA     CASA            ^
2025-09-30T19:27:29.282007,005544,999,L0,R0,1,"8742005E""SIA-DCS""6925L0#005544[#005544|Nri1UX17^C. P.CUCINA     CASA            ^]_19:27:53,09-30-2025",#005544|Nri1UX17^C. P.CUCINA     CASA            ^
2025-09-30T19:27:30.238830,005544,999,L0,R0,1,"8742005E""SIA-DCS""6925L0#005544[#005544|Nri1UX17^C. P.CUCINA     CASA            ^]_19:27:53,09-30-2025",#005544|Nri1UX17^C. P.CUCINA     CASA            ^
2025-09-30T19:27:31.199018,005544,999,L0,R0,1,"8742005E""SIA-DCS""6925L0#005544[#005544|Nri1UX17^C. P.CUCINA     CASA            ^]_19:27:53,09-30-2025",#005544|Nri1UX17^C. P.CUCINA     CASA            ^
2025-09-30T19:27:32.158229,005544,999,L0,R0,1,"8742005E""SIA-DCS""6925L0#005544[#005544|Nri1UX17^C. P.CUCINA     CASA            ^]_19:27:53,09-30-2025",#005544|Nri1UX17^C. P.CUCINA     CASA            ^
2025-09-30T19:28:07.377772,005544,999,L0,R0,1,"82FD005E""SIA-DCS""6925L0#005544[#005544|Nri1UX17^C. P.CUCINA     CASA            ^]_19:28:31,09-30-2025",#005544|Nri1UX17^C. P.CUCINA     CASA            ^
2025-09-30T19:28:08.334012,005544,999,L0,R0,1,"82FD005E""SIA-DCS""6925L0#005544[#005544|Nri1UX17^C. P.CUCINA     CASA            ^]_19:28:31,09-30-2025",#005544|Nri1UX17^C. P.CUCINA     CASA            ^
2025-09-30T19:28:09.293352,005544,999,L0,R0,1,"82FD005E""SIA-DCS""6925L0#005544[#005544|Nri1UX17^C. P.CUCINA     CASA            ^]_19:28:31,09-30-2025",#005544|Nri1UX17^C. P.CUCINA     CASA            ^
2025-09-30T19:28:10.253685,005544,999,L0,R0,1,"82FD005E""SIA-DCS""6925L0#005544[#005544|Nri1UX17^C. P.CUCINA     CASA            ^]_19:28:31,09-30-2025",#005544|Nri1UX17^C. P.CUCINA     CASA            ^
2025-09-30T19:28:15.131322,005544,999,L0,R0,1,"5D1C005E""SIA-DCS""6925L0#005544[#005544|Nri1UX17^C. P.CUCINA     CASA            ^]_19:28:39,09-30-2025",#005544|Nri1UX17^C. P.CUCINA     CASA            ^
2025-09-30T19:28:16.087797,005544,999,L0,R0,1,"5D1C005E""SIA-DCS""6925L0#005544[#005544|Nri1UX17^C. P.CUCINA     CASA            ^]_19:28:39,09-30-2025",#005544|Nri1UX17^C. P.CUCINA     CASA            ^
2025-09-30T19:28:17.048880,005544,999,L0,R0,1,"5D1C005E""SIA-DCS""6925L0#005544[#005544|Nri1UX17^C. P.CUCINA     CASA            ^]_19:28:39,09-30-2025",#005544|Nri1UX17^C. P.CUCINA     CASA            ^
2025-09-30T19:28:18.008261,005544,999,L0,R0,1,"5D1C005E""SIA-DCS""6925L0#005544[#005544|Nri1UX17^C. P.CUCINA     CASA            ^]_19:28:39,09-30-2025",#005544|Nri1UX17^C. P.CUCINA     CASA            ^
2025-09-30T19:28:22.591441,005544,999,L0,R0,1,"7A99005E""SIA-DCS""6925L0#005544[#005544|Nri1UX11^C. P.INGRESSO   CASA            ^]_19:28:47,09-30-2025",#005544|Nri1UX11^C. P.INGRESSO   CASA            ^
2025-09-30T19:28:23.547997,005544,999,L0,R0,1,"7A99005E""SIA-DCS""6925L0#005544[#005544|Nri1UX11^C. P.INGRESSO   CASA            ^]_19:28:47,09-30-2025",#005544|Nri1UX11^C. P.INGRESSO   CASA            ^
2025-09-30T19:28:24.508895,005544,999,L0,R0,1,"7A99005E""SIA-DCS""6925L0#005544[#005544|Nri1UX11^C. P.INGRESSO   CASA            ^]_19:28:47,09-30-2025",#005544|Nri1UX11^C. P.INGRESSO   CASA            ^
2025-09-30T19:28:25.501068,005544,999,L0,R0,1,"7A99005E""SIA-DCS""6925L0#005544[#005544|Nri1UX11^C. P.INGRESSO   CASA            ^]_19:28:47,09-30-2025",#005544|Nri1UX11^C. P.INGRESSO   CASA            ^
2025-09-30T19:28:33.766410,005544,999,L0,R0,1,"FB9B005E""SIA-DCS""6925L0#005544[#005544|Nri1UX11^C. P.INGRESSO   CASA            ^]_19:28:57,09-30-2025",#005544|Nri1UX11^C. P.INGRESSO   CASA            ^
2025-09-30T19:28:34.728229,005544,999,L0,R0,1,"FB9B005E""SIA-DCS""6925L0#005544[#005544|Nri1UX11^C. P.INGRESSO   CASA            ^]_19:28:57,09-30-2025",#005544|Nri1UX11^C. P.INGRESSO   CASA            ^
2025-09-30T19:28:35.688475,005544,999,L0,R0,1,"FB9B005E""SIA-DCS""6925L0#005544[#005544|Nri1UX11^C. P.INGRESSO   CASA            ^]_19:28:57,09-30-2025",#005544|Nri1UX11^C. P.INGRESSO   CASA            ^
2025-09-30T19:28:36.648018,005544,999,L0,R0,1,"FB9B005E""SIA-DCS""6925L0#005544[#005544|Nri1UX11^C. P.INGRESSO   CASA            ^]_19:28:57,09-30-2025",#005544|Nri1UX11^C. P.INGRESSO   CASA            ^
2025-09-30T19:30:20.756070,005544,999,L0,R0,1,"E854005E""SIA-DCS""6925L0#005544[#005544|Nri1UX11^C. P.INGRESSO   CASA            ^]_19:30:44,09-30-2025",#005544|Nri1UX11^C. P.INGRESSO   CASA            ^
2025-09-30T19:30:21.712694,005544,999,L0,R0,1,"E854005E""SIA-DCS""6925L0#005544[#005544|Nri1UX11^C. P.INGRESSO   CASA            ^]_19:30:44,09-30-2025",#005544|Nri1UX11^C. P.INGRESSO   CASA            ^
2025-09-30T19:30:22.671703,005544,999,L0,R0,1,"E854005E""SIA-DCS""6925L0#005544[#005544|Nri1UX11^C. P.INGRESSO   CASA            ^]_19:30:44,09-30-2025",#005544|Nri1UX11^C. P.INGRESSO   CASA            ^
2025-09-30T19:30:23.632005,005544,999,L0,R0,1,"E854005E""SIA-DCS""6925L0#005544[#005544|Nri1UX11^C. P.INGRESSO   CASA            ^]_19:30:44,09-30-2025",#005544|Nri1UX11^C. P.INGRESSO   CASA            ^
2025-09-30T19:32:46.675370,005544,999,L0,R0,1,"23EA005E""SIA-DCS""6925L0#005544[#005544|Nri1UX11^C. P.INGRESSO   CASA            ^]_19:33:10,09-30-2025",#005544|Nri1UX11^C. P.INGRESSO   CASA            ^
2025-09-30T19:32:47.631043,005544,999,L0,R0,1,"23EA005E""SIA-DCS""6925L0#005544[#005544|Nri1UX11^C. P.INGRESSO   CASA            ^]_19:33:10,09-30-2025",#005544|Nri1UX11^C. P.INGRESSO   CASA            ^
2025-09-30T19:32:48.591223,005544,999,L0,R0,1,"23EA005E""SIA-DCS""6925L0#005544[#005544|Nri1UX11^C. P.INGRESSO   CASA            ^]_19:33:10,09-30-2025",#005544|Nri1UX11^C. P.INGRESSO   CASA            ^
2025-09-30T19:32:49.551002,005544,999,L0,R0,1,"23EA005E""SIA-DCS""6925L0#005544[#005544|Nri1UX11^C. P.INGRESSO   CASA            ^]_19:33:10,09-30-2025",#005544|Nri1UX11^C. P.INGRESSO   CASA            ^
2025-09-30T19:38:42.261768,005544,999,L0,R0,1,"D962005E""SIA-DCS""6925L0#005544[#005544|Nri1UX16^C. P.SALA       CASA            ^]_19:39:04,09-30-2025",#005544|Nri1UX16^C. P.SALA       CASA            ^
2025-09-30T19:38:43.218420,005544,999,L0,R0,1,"D962005E""SIA-DCS""6925L0#005544[#005544|Nri1UX16^C. P.SALA       CASA            ^]_19:39:04,09-30-2025",#005544|Nri1UX16^C. P.SALA       CASA            ^
2025-09-30T19:38:44.177992,005544,999,L0,R0,1,"D962005E""SIA-DCS""6925L0#005544[#005544|Nri1UX16^C. P.SALA       CASA            ^]_19:39:04,09-30-2025",#005544|Nri1UX16^C. P.SALA       CASA            ^
2025-09-30T19:38:45.138424,005544,999,L0,R0,1,"D962005E""SIA-DCS""6925L0#005544[#005544|Nri1UX16^C. P.SALA       CASA            ^]_19:39:04,09-30-2025",#005544|Nri1UX16^C. P.SALA       CASA            ^
2025-09-30T19:39:53.316423,005544,999,L0,R0,1,"AB12005E""SIA-DCS""6925L0#005544[#005544|Nri1UX16^C. P.SALA       CASA            ^]_19:40:16,09-30-2025",#005544|Nri1UX16^C. P.SALA       CASA            ^
2025-09-30T19:39:54.272058,005544,999,L0,R0,1,"AB12005E""SIA-DCS""6925L0#005544[#005544|Nri1UX16^C. P.SALA       CASA            ^]_19:40:16,09-30-2025",#005544|Nri1UX16^C. P.SALA       CASA            ^
2025-09-30T19:39:55.233917,005544,999,L0,R0,1,"AB12005E""SIA-DCS""6925L0#005544[#005544|Nri1UX16^C. P.SALA       CASA            ^]_19:40:16,09-30-2025",#005544|Nri1UX16^C. P.SALA       CASA            ^
2025-09-30T19:39:56.191747,005544,999,L0,R0,1,"AB12005E""SIA-DCS""6925L0#005544[#005544|Nri1UX16^C. P.SALA       CASA            ^]_19:40:16,09-30-2025",#005544|Nri1UX16^C. P.SALA       CASA            ^
2025-09-30T19:41:28.320026,005544,999,L0,R0,1,"E0BE005E""SIA-DCS""6925L0#005544[#005544|Nri1UX17^C. P.CUCINA     CASA            ^]_19:41:51,09-30-2025",#005544|Nri1UX17^C. P.CUCINA     CASA            ^
2025-09-30T19:41:29.276959,005544,999,L0,R0,1,"E0BE005E""SIA-DCS""6925L0#005544[#005544|Nri1UX17^C. P.CUCINA     CASA            ^]_19:41:51,09-30-2025",#005544|Nri1UX17^C. P.CUCINA     CASA            ^
2025-09-30T19:41:30.237449,005544,999,L0,R0,1,"E0BE005E""SIA-DCS""6925L0#005544[#005544|Nri1UX17^C. P.CUCINA     CASA            ^]_19:41:51,09-30-2025",#005544|Nri1UX17^C. P.CUCINA     CASA            ^
2025-09-30T19:41:31.196513,005544,999,L0,R0,1,"E0BE005E""SIA-DCS""6925L0#005544[#005544|Nri1UX17^C. P.CUCINA     CASA            ^]_19:41:51,09-30-2025",#005544|Nri1UX17^C. P.CUCINA     CASA            ^
2025-09-30T19:41:36.069481,005544,999,L0,R0,1,"3F5F005E""SIA-DCS""6925L0#005544[#005544|Nri1UX17^C. P.CUCINA     CASA            ^]_19:41:59,09-30-2025",#005544|Nri1UX17^C. P.CUCINA     CASA            ^
2025-09-30T19:41:37.027178,005544,999,L0,R0,1,"3F5F005E""SIA-DCS""6925L0#005544[#005544|Nri1UX17^C. P.CUCINA     CASA            ^]_19:41:59,09-30-2025",#005544|Nri1UX17^C. P.CUCINA     CASA            ^
2025-09-30T19:41:37.986298,005544,999,L0,R0,1,"3F5F005E""SIA-DCS""6925L0#005544[#005544|Nri1UX17^C. P.CUCINA     CASA            ^]_19:41:59,09-30-2025",#005544|Nri1UX17^C. P.CUCINA     CASA            ^
2025-09-30T19:41:38.946397,005544,999,L0,R0,1,"3F5F005E""SIA-DCS""6925L0#005544[#005544|Nri1UX17^C. P.CUCINA     CASA            ^]_19:41:59,09-30-2025",#005544|Nri1UX17^C. P.CUCINA     CASA            ^
2025-09-30T20:33:36.177769,005544,999,L0,R0,1,"D608005E""SIA-DCS""6925L0#005544[#005544|Nri1UX17^C. P.CUCINA     CASA            ^]_20:33:59,09-30-2025",#005544|Nri1UX17^C. P.CUCINA     CASA            ^
2025-09-30T20:33:37.134497,005544,999,L0,R0,1,"D608005E""SIA-DCS""6925L0#005544[#005544|Nri1UX17^C. P.CUCINA     CASA            ^]_20:33:59,09-30-2025",#005544|Nri1UX17^C. P.CUCINA     CASA            ^
2025-09-30T20:33:38.093940,005544,999,L0,R0,1,"D608005E""SIA-DCS""6925L0#005544[#005544|Nri1UX17^C. P.CUCINA     CASA            ^]_20:33:59,09-30-2025",#005544|Nri1UX17^C. P.CUCINA     CASA            ^
2025-09-30T20:33:39.054181,005544,999,L0,R0,1,"D608005E""SIA-DCS""6925L0#005544[#005544|Nri1UX17^C. P.CUCINA     CASA            ^]_20:33:59,09-30-2025",#005544|Nri1UX17^C. P.CUCINA     CASA            ^
2025-09-30T20:33:50.318084,005544,999,L0,R0,1,"06AA005E""SIA-DCS""6925L0#005544[#005544|Nri1UX17^C. P.CUCINA     CASA            ^]_20:34:07,09-30-2025",#005544|Nri1UX17^C. P.CUCINA     CASA            ^
2025-09-30T20:33:51.274500,005544,999,L0,R0,1,"06AA005E""SIA-DCS""6925L0#005544[#005544|Nri1UX17^C. P.CUCINA     CASA            ^]_20:34:07,09-30-2025",#005544|Nri1UX17^C. P.CUCINA     CASA            ^
2025-09-30T20:33:52.234131,005544,999,L0,R0,1,"06AA005E""SIA-DCS""6925L0#005544[#005544|Nri1UX17^C. P.CUCINA     CASA            ^]_20:34:07,09-30-2025",#005544|Nri1UX17^C. P.CUCINA     CASA            ^
2025-09-30T20:33:53.194397,005544,999,L0,R0,1,"06AA005E""SIA-DCS""6925L0#005544[#005544|Nri1UX17^C. P.CUCINA     CASA            ^]_20:34:07,09-30-2025",#005544|Nri1UX17^C. P.CUCINA     CASA            ^
2025-09-30T20:47:00.194950,005544,999,L0,R0,1,"73A8005E""SIA-DCS""6925L0#005544[#005544|Nri1UX17^C. P.CUCINA     CASA            ^]_20:47:24,09-30-2025",#005544|Nri1UX17^C. P.CUCINA     CASA            ^
2025-09-30T20:47:01.152618,005544,999,L0,R0,1,"73A8005E""SIA-DCS""6925L0#005544[#005544|Nri1UX17^C. P.CUCINA     CASA            ^]_20:47:24,09-30-2025",#005544|Nri1UX17^C. P.CUCINA     CASA            ^
2025-09-30T20:47:02.111837,005544,999,L0,R0,1,"73A8005E""SIA-DCS""6925L0#005544[#005544|Nri1UX17^C. P.CUCINA     CASA            ^]_20:47:24,09-30-2025",#005544|Nri1UX17^C. P.CUCINA     CASA            ^
2025-09-30T20:47:03.072712,005544,999,L0,R0,1,"73A8005E""SIA-DCS""6925L0#005544[#005544|Nri1UX17^C. P.CUCINA     CASA            ^]_20:47:24,09-30-2025",#005544|Nri1UX17^C. P.CUCINA     CASA            ^
2025-09-30T20:47:11.344701,005544,999,L0,R0,1,"F2AA005E""SIA-DCS""6925L0#005544[#005544|Nri1UX17^C. P.CUCINA     CASA            ^]_20:47:34,09-30-2025",#005544|Nri1UX17^C. P.CUCINA     CASA            ^
2025-09-30T20:47:12.302732,005544,999,L0,R0,1,"F2AA005E""SIA-DCS""6925L0#005544[#005544|Nri1UX17^C. P.CUCINA     CASA            ^]_20:47:34,09-30-2025",#005544|Nri1UX17^C. P.CUCINA     CASA            ^
2025-09-30T20:47:13.261984,005544,999,L0,R0,1,"F2AA005E""SIA-DCS""6925L0#005544[#005544|Nri1UX17^C. P.CUCINA     CASA            ^]_20:47:34,09-30-2025",#005544|Nri1UX17^C. P.CUCINA     CASA            ^
2025-09-30T20:47:14.222764,005544,999,L0,R0,1,"F2AA005E""SIA-DCS""6925L0#005544[#005544|Nri1UX17^C. P.CUCINA     CASA            ^]_20:47:34,09-30-2025",#005544|Nri1UX17^C. P.CUCINA     CASA            ^
2025-09-30T20:49:16.364963,005544,999,L0,R0,1,"314F005E""SIA-DCS""6925L0#005544[#005544|Nri1UX16^C. P.SALA       CASA            ^]_20:49:35,09-30-2025",#005544|Nri1UX16^C. P.SALA       CASA            ^
2025-09-30T20:49:17.320868,005544,999,L0,R0,1,"314F005E""SIA-DCS""6925L0#005544[#005544|Nri1UX16^C. P.SALA       CASA            ^]_20:49:35,09-30-2025",#005544|Nri1UX16^C. P.SALA       CASA            ^
2025-09-30T20:49:18.281403,005544,999,L0,R0,1,"314F005E""SIA-DCS""6925L0#005544[#005544|Nri1UX16^C. P.SALA       CASA            ^]_20:49:35,09-30-2025",#005544|Nri1UX16^C. P.SALA       CASA            ^
2025-09-30T20:49:19.241337,005544,999,L0,R0,1,"314F005E""SIA-DCS""6925L0#005544[#005544|Nri1UX16^C. P.SALA       CASA            ^]_20:49:35,09-30-2025",#005544|Nri1UX16^C. P.SALA       CASA            ^
2025-09-30T20:49:24.149294,005544,999,L0,R0,1,"B9B5005E""SIA-DCS""6925L0#005544[#005544|Nri1UX16^C. P.SALA       CASA            ^]_20:49:41,09-30-2025",#005544|Nri1UX16^C. P.SALA       CASA            ^
2025-09-30T20:49:25.105642,005544,999,L0,R0,1,"B9B5005E""SIA-DCS""6925L0#005544[#005544|Nri1UX16^C. P.SALA       CASA            ^]_20:49:41,09-30-2025",#005544|Nri1UX16^C. P.SALA       CASA            ^
2025-09-30T20:49:26.066736,005544,999,L0,R0,1,"B9B5005E""SIA-DCS""6925L0#005544[#005544|Nri1UX16^C. P.SALA       CASA            ^]_20:49:41,09-30-2025",#005544|Nri1UX16^C. P.SALA       CASA            ^
2025-09-30T20:49:27.025791,005544,999,L0,R0,1,"B9B5005E""SIA-DCS""6925L0#005544[#005544|Nri1UX16^C. P.SALA       CASA            ^]_20:49:41,09-30-2025",#005544|Nri1UX16^C. P.SALA       CASA            ^
2025-09-30T20:56:04.656808,005544,999,L0,R0,1,"34D3005E""SIA-DCS""6925L0#005544[#005544|Nri1UX16^C. P.SALA       CASA            ^]_20:56:29,09-30-2025",#005544|Nri1UX16^C. P.SALA       CASA            ^
2025-09-30T20:56:05.612248,005544,999,L0,R0,1,"34D3005E""SIA-DCS""6925L0#005544[#005544|Nri1UX16^C. P.SALA       CASA            ^]_20:56:29,09-30-2025",#005544|Nri1UX16^C. P.SALA       CASA            ^
2025-09-30T20:56:06.572965,005544,999,L0,R0,1,"34D3005E""SIA-DCS""6925L0#005544[#005544|Nri1UX16^C. P.SALA       CASA            ^]_20:56:29,09-30-2025",#005544|Nri1UX16^C. P.SALA       CASA            ^
2025-09-30T20:56:07.532068,005544,999,L0,R0,1,"34D3005E""SIA-DCS""6925L0#005544[#005544|Nri1UX16^C. P.SALA       CASA            ^]_20:56:29,09-30-2025",#005544|Nri1UX16^C. P.SALA       CASA            ^
2025-09-30T20:56:12.115113,005544,999,L0,R0,1,"663C005E""SIA-DCS""6925L0#005544[#005544|Nri1UX16^C. P.SALA       CASA            ^]_20:56:34,09-30-2025",#005544|Nri1UX16^C. P.SALA       CASA            ^
2025-09-30T20:56:13.072262,005544,999,L0,R0,1,"663C005E""SIA-DCS""6925L0#005544[#005544|Nri1UX16^C. P.SALA       CASA            ^]_20:56:34,09-30-2025",#005544|Nri1UX16^C. P.SALA       CASA            ^
2025-09-30T20:56:14.032956,005544,999,L0,R0,1,"663C005E""SIA-DCS""6925L0#005544[#005544|Nri1UX16^C. P.SALA       CASA            ^]_20:56:34,09-30-2025",#005544|Nri1UX16^C. P.SALA       CASA            ^
2025-09-30T20:56:14.992007,005544,999,L0,R0,1,"663C005E""SIA-DCS""6925L0#005544[#005544|Nri1UX16^C. P.SALA       CASA            ^]_20:56:34,09-30-2025",#005544|Nri1UX16^C. P.SALA       CASA            ^
2025-09-30T21:06:52.249984,005544,999,L0,R0,1,"4895005E""SIA-DCS""6925L0#005544[#005544|Nri1UX16^C. P.SALA       CASA            ^]_21:07:15,09-30-2025",#005544|Nri1UX16^C. P.SALA       CASA            ^
2025-09-30T21:06:53.206285,005544,999,L0,R0,1,"4895005E""SIA-DCS""6925L0#005544[#005544|Nri1UX16^C. P.SALA       CASA            ^]_21:07:15,09-30-2025",#005544|Nri1UX16^C. P.SALA       CASA            ^
2025-09-30T21:06:54.172475,005544,999,L0,R0,1,"4895005E""SIA-DCS""6925L0#005544[#005544|Nri1UX16^C. P.SALA       CASA            ^]_21:07:15,09-30-2025",#005544|Nri1UX16^C. P.SALA       CASA            ^
2025-09-30T21:06:55.126832,005544,999,L0,R0,1,"4895005E""SIA-DCS""6925L0#005544[#005544|Nri1UX16^C. P.SALA       CASA            ^]_21:07:15,09-30-2025",#005544|Nri1UX16^C. P.SALA       CASA            ^
2025-09-30T21:13:38.757720,005544,999,L0,R0,1,"5419005E""SIA-DCS""6925L0#005544[#005544|Nri1UX16^C. P.SALA       CASA            ^]_21:14:00,09-30-2025",#005544|Nri1UX16^C. P.SALA       CASA            ^
2025-09-30T21:13:39.713833,005544,999,L0,R0,1,"5419005E""SIA-DCS""6925L0#005544[#005544|Nri1UX16^C. P.SALA       CASA            ^]_21:14:00,09-30-2025",#005544|Nri1UX16^C. P.SALA       CASA            ^
2025-09-30T21:13:40.673461,005544,999,L0,R0,1,"5419005E""SIA-DCS""6925L0#005544[#005544|Nri1UX16^C. P.SALA       CASA            ^]_21:14:00,09-30-2025",#005544|Nri1UX16^C. P.SALA       CASA            ^
2025-09-30T21:13:41.633756,005544,999,L0,R0,1,"5419005E""SIA-DCS""6925L0#005544[#005544|Nri1UX16^C. P.SALA       CASA            ^]_21:14:00,09-30-2025",#005544|Nri1UX16^C. P.SALA       CASA            ^
2025-10-01T07:11:30.432050,005544,999,L0,R0,1,"9678005E""SIA-DCS""6925L0#005544[#005544|Nri1UX14^C. F.BAGNO MATR.CASA            ^]_07:11:51,10-01-2025",#005544|Nri1UX14^C. F.BAGNO MATR.CASA            ^
2025-10-01T07:11:31.386742,005544,999,L0,R0,1,"9678005E""SIA-DCS""6925L0#005544[#005544|Nri1UX14^C. F.BAGNO MATR.CASA            ^]_07:11:51,10-01-2025",#005544|Nri1UX14^C. F.BAGNO MATR.CASA            ^
2025-10-01T07:11:32.347870,005544,999,L0,R0,1,"9678005E""SIA-DCS""6925L0#005544[#005544|Nri1UX14^C. F.BAGNO MATR.CASA            ^]_07:11:51,10-01-2025",#005544|Nri1UX14^C. F.BAGNO MATR.CASA            ^
2025-10-01T07:11:33.307375,005544,999,L0,R0,1,"9678005E""SIA-DCS""6925L0#005544[#005544|Nri1UX14^C. F.BAGNO MATR.CASA            ^]_07:11:51,10-01-2025",#005544|Nri1UX14^C. F.BAGNO MATR.CASA            ^
2025-10-01T07:16:26.113682,005544,999,L0,R0,1,"0BE8005E""SIA-DCS""6925L0#005544[#005544|Nri1UX11^C. P.INGRESSO   CASA            ^]_07:16:49,10-01-2025",#005544|Nri1UX11^C. P.INGRESSO   CASA            ^
2025-10-01T07:16:27.069494,005544,999,L0,R0,1,"0BE8005E""SIA-DCS""6925L0#005544[#005544|Nri1UX11^C. P.INGRESSO   CASA            ^]_07:16:49,10-01-2025",#005544|Nri1UX11^C. P.INGRESSO   CASA            ^
2025-10-01T07:16:28.029877,005544,999,L0,R0,1,"0BE8005E""SIA-DCS""6925L0#005544[#005544|Nri1UX11^C. P.INGRESSO   CASA            ^]_07:16:49,10-01-2025",#005544|Nri1UX11^C. P.INGRESSO   CASA            ^
2025-10-01T07:16:28.989471,005544,999,L0,R0,1,"0BE8005E""SIA-DCS""6925L0#005544[#005544|Nri1UX11^C. P.INGRESSO   CASA            ^]_07:16:49,10-01-2025",#005544|Nri1UX11^C. P.INGRESSO   CASA            ^
2025-10-01T07:16:37.266824,005544,999,L0,R0,1,"50C6005E""SIA-DCS""6925L0#005544[#005544|Nri1UX11^C. P.INGRESSO   CASA            ^]_07:17:01,10-01-2025",#005544|Nri1UX11^C. P.INGRESSO   CASA            ^
2025-10-01T07:16:38.224619,005544,999,L0,R0,1,"50C6005E""SIA-DCS""6925L0#005544[#005544|Nri1UX11^C. P.INGRESSO   CASA            ^]_07:17:01,10-01-2025",#005544|Nri1UX11^C. P.INGRESSO   CASA            ^
2025-10-01T07:16:39.184774,005544,999,L0,R0,1,"50C6005E""SIA-DCS""6925L0#005544[#005544|Nri1UX11^C. P.INGRESSO   CASA            ^]_07:17:01,10-01-2025",#005544|Nri1UX11^C. P.INGRESSO   CASA            ^
2025-10-01T07:16:40.144404,005544,999,L0,R0,1,"50C6005E""SIA-DCS""6925L0#005544[#005544|Nri1UX11^C. P.INGRESSO   CASA            ^]_07:17:01,10-01-2025",#005544|Nri1UX11^C. P.INGRESSO   CASA            ^
2025-10-01T07:26:11.478088,005544,999,L0,R0,1,"AF7A005E""SIA-DCS""6925L0#005544[#005544|Nri1UX14^C. F.BAGNO MATR.CASA            ^]_07:26:34,10-01-2025",#005544|Nri1UX14^C. F.BAGNO MATR.CASA            ^
2025-10-01T07:26:12.434072,005544,999,L0,R0,1,"AF7A005E""SIA-DCS""6925L0#005544[#005544|Nri1UX14^C. F.BAGNO MATR.CASA            ^]_07:26:34,10-01-2025",#005544|Nri1UX14^C. F.BAGNO MATR.CASA            ^
2025-10-01T07:26:13.394638,005544,999,L0,R0,1,"AF7A005E""SIA-DCS""6925L0#005544[#005544|Nri1UX14^C. F.BAGNO MATR.CASA            ^]_07:26:34,10-01-2025",#005544|Nri1UX14^C. F.BAGNO MATR.CASA            ^
2025-10-01T07:26:14.354084,005544,999,L0,R0,1,"AF7A005E""SIA-DCS""6925L0#005544[#005544|Nri1UX14^C. F.BAGNO MATR.CASA            ^]_07:26:34,10-01-2025",#005544|Nri1UX14^C. F.BAGNO MATR.CASA            ^
2025-10-01T07:35:00.764270,005544,999,L0,R0,1,"C537005E""SIA-DCS""6925L0#005544[#005544|Nri1UX16^C. P.SALA       CASA            ^]_07:35:22,10-01-2025",#005544|Nri1UX16^C. P.SALA       CASA            ^
2025-10-01T07:35:01.719307,005544,999,L0,R0,1,"C537005E""SIA-DCS""6925L0#005544[#005544|Nri1UX16^C. P.SALA       CASA            ^]_07:35:22,10-01-2025",#005544|Nri1UX16^C. P.SALA       CASA            ^
2025-10-01T07:35:02.680032,005544,999,L0,R0,1,"C537005E""SIA-DCS""6925L0#005544[#005544|Nri1UX16^C. P.SALA       CASA            ^]_07:35:22,10-01-2025",#005544|Nri1UX16^C. P.SALA       CASA            ^
2025-10-01T07:35:03.638541,005544,999,L0,R0,1,"C537005E""SIA-DCS""6925L0#005544[#005544|Nri1UX16^C. P.SALA       CASA            ^]_07:35:22,10-01-2025",#005544|Nri1UX16^C. P.SALA       CASA            ^
2025-10-01T07:38:11.617038,005544,999,L0,R0,1,"4D66005E""SIA-DCS""6925L0#005544[#005544|Nri1UX17^C. P.CUCINA     CASA            ^]_07:38:34,10-01-2025",#005544|Nri1UX17^C. P.CUCINA     CASA            ^
2025-10-01T07:38:12.572901,005544,999,L0,R0,1,"4D66005E""SIA-DCS""6925L0#005544[#005544|Nri1UX17^C. P.CUCINA     CASA            ^]_07:38:34,10-01-2025",#005544|Nri1UX17^C. P.CUCINA     CASA            ^
2025-10-01T07:38:13.533030,005544,999,L0,R0,1,"4D66005E""SIA-DCS""6925L0#005544[#005544|Nri1UX17^C. P.CUCINA     CASA            ^]_07:38:34,10-01-2025",#005544|Nri1UX17^C. P.CUCINA     CASA            ^
2025-10-01T07:38:14.492985,005544,999,L0,R0,1,"4D66005E""SIA-DCS""6925L0#005544[#005544|Nri1UX17^C. P.CUCINA     CASA            ^]_07:38:34,10-01-2025",#005544|Nri1UX17^C. P.CUCINA     CASA            ^
2025-10-01T07:38:18.721468,005544,999,L0,R0,1,"9E8B005E""SIA-DCS""6925L0#005544[#005544|Nri1UX17^C. P.CUCINA     CASA            ^]_07:38:39,10-01-2025",#005544|Nri1UX17^C. P.CUCINA     CASA            ^
2025-10-01T07:38:19.678293,005544,999,L0,R0,1,"9E8B005E""SIA-DCS""6925L0#005544[#005544|Nri1UX17^C. P.CUCINA     CASA            ^]_07:38:39,10-01-2025",#005544|Nri1UX17^C. P.CUCINA     CASA            ^
2025-10-01T07:38:20.637735,005544,999,L0,R0,1,"9E8B005E""SIA-DCS""6925L0#005544[#005544|Nri1UX17^C. P.CUCINA     CASA            ^]_07:38:39,10-01-2025",#005544|Nri1UX17^C. P.CUCINA     CASA            ^
2025-10-01T07:38:21.598408,005544,999,L0,R0,1,"9E8B005E""SIA-DCS""6925L0#005544[#005544|Nri1UX17^C. P.CUCINA     CASA            ^]_07:38:39,10-01-2025",#005544|Nri1UX17^C. P.CUCINA     CASA            ^
2025-10-01T07:54:13.332628,005544,999,L0,R0,1,"2D82005E""SIA-DCS""6925L0#005544[#005544|Nri1UX16^C. P.SALA       CASA            ^]_07:54:35,10-01-2025",#005544|Nri1UX16^C. P.SALA       CASA            ^
2025-10-01T07:54:14.290303,005544,999,L0,R0,1,"2D82005E""SIA-DCS""6925L0#005544[#005544|Nri1UX16^C. P.SALA       CASA            ^]_07:54:35,10-01-2025",#005544|Nri1UX16^C. P.SALA       CASA            ^
2025-10-01T07:54:15.250094,005544,999,L0,R0,1,"2D82005E""SIA-DCS""6925L0#005544[#005544|Nri1UX16^C. P.SALA       CASA            ^]_07:54:35,10-01-2025",#005544|Nri1UX16^C. P.SALA       CASA            ^
2025-10-01T07:54:16.210130,005544,999,L0,R0,1,"2D82005E""SIA-DCS""6925L0#005544[#005544|Nri1UX16^C. P.SALA       CASA            ^]_07:54:35,10-01-2025",#005544|Nri1UX16^C. P.SALA       CASA            ^
2025-10-01T08:04:14.529678,005544,999,L0,R0,1,"DE87005E""SIA-DCS""6925L0#005544[#005544|Nri1UX11^C. P.INGRESSO   CASA            ^]_08:04:36,10-01-2025",#005544|Nri1UX11^C. P.INGRESSO   CASA            ^
2025-10-01T08:04:15.484528,005544,999,L0,R0,1,"DE87005E""SIA-DCS""6925L0#005544[#005544|Nri1UX11^C. P.INGRESSO   CASA            ^]_08:04:36,10-01-2025",#005544|Nri1UX11^C. P.INGRESSO   CASA            ^
2025-10-01T08:04:16.445149,005544,999,L0,R0,1,"DE87005E""SIA-DCS""6925L0#005544[#005544|Nri1UX11^C. P.INGRESSO   CASA            ^]_08:04:36,10-01-2025",#005544|Nri1UX11^C. P.INGRESSO   CASA            ^
2025-10-01T08:04:17.405600,005544,999,L0,R0,1,"DE87005E""SIA-DCS""6925L0#005544[#005544|Nri1UX11^C. P.INGRESSO   CASA            ^]_08:04:36,10-01-2025",#005544|Nri1UX11^C. P.INGRESSO   CASA            ^
2025-10-01T08:04:21.652895,005544,999,L0,R0,1,"5E75005E""SIA-DCS""6925L0#005544[#005544|Nri1UX11^C. P.INGRESSO   CASA            ^]_08:04:44,10-01-2025",#005544|Nri1UX11^C. P.INGRESSO   CASA            ^
2025-10-01T08:04:22.610810,005544,999,L0,R0,1,"5E75005E""SIA-DCS""6925L0#005544[#005544|Nri1UX11^C. P.INGRESSO   CASA            ^]_08:04:44,10-01-2025",#005544|Nri1UX11^C. P.INGRESSO   CASA            ^
2025-10-01T08:04:23.570290,005544,999,L0,R0,1,"5E75005E""SIA-DCS""6925L0#005544[#005544|Nri1UX11^C. P.INGRESSO   CASA            ^]_08:04:44,10-01-2025",#005544|Nri1UX11^C. P.INGRESSO   CASA            ^
2025-10-01T08:04:24.530408,005544,999,L0,R0,1,"5E75005E""SIA-DCS""6925L0#005544[#005544|Nri1UX11^C. P.INGRESSO   CASA            ^]_08:04:44,10-01-2025",#005544|Nri1UX11^C. P.INGRESSO   CASA            ^
2025-10-01T08:05:11.733471,005544,999,L0,R0,2,"8BD7005E""SIA-DCS""6925L0#005544[#005544|Nri2UX37^C.P.SEMINTERRATOGARAGE          ^]_08:05:34,10-01-2025",#005544|Nri2UX37^C.P.SEMINTERRATOGARAGE          ^
2025-10-01T08:05:12.689338,005544,999,L0,R0,2,"8BD7005E""SIA-DCS""6925L0#005544[#005544|Nri2UX37^C.P.SEMINTERRATOGARAGE          ^]_08:05:34,10-01-2025",#005544|Nri2UX37^C.P.SEMINTERRATOGARAGE          ^
2025-10-01T08:05:13.649134,005544,999,L0,R0,2,"8BD7005E""SIA-DCS""6925L0#005544[#005544|Nri2UX37^C.P.SEMINTERRATOGARAGE          ^]_08:05:34,10-01-2025",#005544|Nri2UX37^C.P.SEMINTERRATOGARAGE          ^
2025-10-01T08:05:14.609146,005544,999,L0,R0,2,"8BD7005E""SIA-DCS""6925L0#005544[#005544|Nri2UX37^C.P.SEMINTERRATOGARAGE          ^]_08:05:34,10-01-2025",#005544|Nri2UX37^C.P.SEMINTERRATOGARAGE          ^
2025-10-01T08:05:37.864355,005544,999,L0,R0,2,"8660005E""SIA-DCS""6925L0#005544[#005544|Nri2UX37^C.P.SEMINTERRATOGARAGE          ^]_08:06:00,10-01-2025",#005544|Nri2UX37^C.P.SEMINTERRATOGARAGE          ^
2025-10-01T08:05:38.819444,005544,999,L0,R0,2,"8660005E""SIA-DCS""6925L0#005544[#005544|Nri2UX37^C.P.SEMINTERRATOGARAGE          ^]_08:06:00,10-01-2025",#005544|Nri2UX37^C.P.SEMINTERRATOGARAGE          ^
2025-10-01T08:05:39.778753,005544,999,L0,R0,2,"8660005E""SIA-DCS""6925L0#005544[#005544|Nri2UX37^C.P.SEMINTERRATOGARAGE          ^]_08:06:00,10-01-2025",#005544|Nri2UX37^C.P.SEMINTERRATOGARAGE          ^
2025-10-01T08:05:40.739215,005544,999,L0,R0,2,"8660005E""SIA-DCS""6925L0#005544[#005544|Nri2UX37^C.P.SEMINTERRATOGARAGE          ^]_08:06:00,10-01-2025",#005544|Nri2UX37^C.P.SEMINTERRATOGARAGE          ^
2025-10-01T08:07:03.892770,005544,999,L0,R0,2,"0A64005E""SIA-DCS""6925L0#005544[#005544|Nri2UX36^C. BASCULANTE   GARAGE          ^]_08:07:27,10-01-2025",#005544|Nri2UX36^C. BASCULANTE   GARAGE          ^
2025-10-01T08:07:04.848610,005544,999,L0,R0,2,"0A64005E""SIA-DCS""6925L0#005544[#005544|Nri2UX36^C. BASCULANTE   GARAGE          ^]_08:07:27,10-01-2025",#005544|Nri2UX36^C. BASCULANTE   GARAGE          ^
2025-10-01T08:07:05.808023,005544,999,L0,R0,2,"0A64005E""SIA-DCS""6925L0#005544[#005544|Nri2UX36^C. BASCULANTE   GARAGE          ^]_08:07:27,10-01-2025",#005544|Nri2UX36^C. BASCULANTE   GARAGE          ^
2025-10-01T08:07:06.768496,005544,999,L0,R0,2,"0A64005E""SIA-DCS""6925L0#005544[#005544|Nri2UX36^C. BASCULANTE   GARAGE          ^]_08:07:27,10-01-2025",#005544|Nri2UX36^C. BASCULANTE   GARAGE          ^
2025-10-01T08:08:29.895511,005544,999,L0,R0,2,"4128005E""SIA-DCS""6925L0#005544[#005544|Nri2UX36^C. BASCULANTE   GARAGE          ^]_08:08:51,10-01-2025",#005544|Nri2UX36^C. BASCULANTE   GARAGE          ^
2025-10-01T08:08:30.852366,005544,999,L0,R0,2,"4128005E""SIA-DCS""6925L0#005544[#005544|Nri2UX36^C. BASCULANTE   GARAGE          ^]_08:08:51,10-01-2025",#005544|Nri2UX36^C. BASCULANTE   GARAGE          ^
2025-10-01T08:08:31.812779,005544,999,L0,R0,2,"4128005E""SIA-DCS""6925L0#005544[#005544|Nri2UX36^C. BASCULANTE   GARAGE          ^]_08:08:51,10-01-2025",#005544|Nri2UX36^C. BASCULANTE   GARAGE          ^
2025-10-01T08:08:32.773122,005544,999,L0,R0,2,"4128005E""SIA-DCS""6925L0#005544[#005544|Nri2UX36^C. BASCULANTE   GARAGE          ^]_08:08:51,10-01-2025",#005544|Nri2UX36^C. BASCULANTE   GARAGE          ^
2025-10-01T08:55:45.445735,005544,999,L0,R0,1,"5BD7005E""SIA-DCS""6925L0#005544[#005544|Nri1UX11^C. P.INGRESSO   CASA            ^]_08:56:09,10-01-2025",#005544|Nri1UX11^C. P.INGRESSO   CASA            ^
2025-10-01T08:55:46.402064,005544,999,L0,R0,1,"5BD7005E""SIA-DCS""6925L0#005544[#005544|Nri1UX11^C. P.INGRESSO   CASA            ^]_08:56:09,10-01-2025",#005544|Nri1UX11^C. P.INGRESSO   CASA            ^
2025-10-01T08:55:47.361674,005544,999,L0,R0,1,"5BD7005E""SIA-DCS""6925L0#005544[#005544|Nri1UX11^C. P.INGRESSO   CASA            ^]_08:56:09,10-01-2025",#005544|Nri1UX11^C. P.INGRESSO   CASA            ^
2025-10-01T08:55:48.321992,005544,999,L0,R0,1,"5BD7005E""SIA-DCS""6925L0#005544[#005544|Nri1UX11^C. P.INGRESSO   CASA            ^]_08:56:09,10-01-2025",#005544|Nri1UX11^C. P.INGRESSO   CASA            ^
2025-10-01T08:55:52.905289,005544,999,L0,R0,1,"CAC5005E""SIA-DCS""6925L0#005544[#005544|Nri1UX11^C. P.INGRESSO   CASA            ^]_08:56:15,10-01-2025",#005544|Nri1UX11^C. P.INGRESSO   CASA            ^
2025-10-01T08:55:53.861464,005544,999,L0,R0,1,"CAC5005E""SIA-DCS""6925L0#005544[#005544|Nri1UX11^C. P.INGRESSO   CASA            ^]_08:56:15,10-01-2025",#005544|Nri1UX11^C. P.INGRESSO   CASA            ^
2025-10-01T08:55:56.848753,005544,999,L0,R0,1,"CAC5005E""SIA-DCS""6925L0#005544[#005544|Nri1UX11^C. P.INGRESSO   CASA            ^]_08:56:15,10-01-2025",#005544|Nri1UX11^C. P.INGRESSO   CASA            ^
2025-10-01T08:55:57.821931,005544,999,L0,R0,1,"CAC5005E""SIA-DCS""6925L0#005544[#005544|Nri1UX11^C. P.INGRESSO   CASA            ^]_08:56:15,10-01-2025",#005544|Nri1UX11^C. P.INGRESSO   CASA            ^
2025-10-01T09:51:03.767142,005544,999,L0,R0,1,"F7D6005E""SIA-DCS""6925L0#005544[#005544|Nri1UX11^C. P.INGRESSO   CASA            ^]_09:51:25,10-01-2025",#005544|Nri1UX11^C. P.INGRESSO   CASA            ^
2025-10-01T09:51:04.722473,005544,999,L0,R0,1,"F7D6005E""SIA-DCS""6925L0#005544[#005544|Nri1UX11^C. P.INGRESSO   CASA            ^]_09:51:25,10-01-2025",#005544|Nri1UX11^C. P.INGRESSO   CASA            ^
2025-10-01T09:51:05.682735,005544,999,L0,R0,1,"F7D6005E""SIA-DCS""6925L0#005544[#005544|Nri1UX11^C. P.INGRESSO   CASA            ^]_09:51:25,10-01-2025",#005544|Nri1UX11^C. P.INGRESSO   CASA            ^
2025-10-01T09:51:06.687177,005544,999,L0,R0,1,"F7D6005E""SIA-DCS""6925L0#005544[#005544|Nri1UX11^C. P.INGRESSO   CASA            ^]_09:51:25,10-01-2025",#005544|Nri1UX11^C. P.INGRESSO   CASA            ^
2025-10-01T09:51:11.584689,005544,999,L0,R0,1,"B925005E""SIA-DCS""6925L0#005544[#005544|Nri1UX11^C. P.INGRESSO   CASA            ^]_09:51:31,10-01-2025",#005544|Nri1UX11^C. P.INGRESSO   CASA            ^
2025-10-01T09:51:12.542871,005544,999,L0,R0,1,"B925005E""SIA-DCS""6925L0#005544[#005544|Nri1UX11^C. P.INGRESSO   CASA            ^]_09:51:31,10-01-2025",#005544|Nri1UX11^C. P.INGRESSO   CASA            ^
2025-10-01T09:51:13.502119,005544,999,L0,R0,1,"B925005E""SIA-DCS""6925L0#005544[#005544|Nri1UX11^C. P.INGRESSO   CASA            ^]_09:51:31,10-01-2025",#005544|Nri1UX11^C. P.INGRESSO   CASA            ^
2025-10-01T09:51:14.462858,005544,999,L0,R0,1,"B925005E""SIA-DCS""6925L0#005544[#005544|Nri1UX11^C. P.INGRESSO   CASA            ^]_09:51:31,10-01-2025",#005544|Nri1UX11^C. P.INGRESSO   CASA            ^
2025-10-01T09:51:22.724884,005544,999,L0,R0,2,"A7B3005E""SIA-DCS""6925L0#005544[#005544|Nri2UX37^C.P.SEMINTERRATOGARAGE          ^]_09:51:46,10-01-2025",#005544|Nri2UX37^C.P.SEMINTERRATOGARAGE          ^
2025-10-01T09:51:23.682756,005544,999,L0,R0,2,"A7B3005E""SIA-DCS""6925L0#005544[#005544|Nri2UX37^C.P.SEMINTERRATOGARAGE          ^]_09:51:46,10-01-2025",#005544|Nri2UX37^C.P.SEMINTERRATOGARAGE          ^
2025-10-01T09:51:24.642151,005544,999,L0,R0,2,"A7B3005E""SIA-DCS""6925L0#005544[#005544|Nri2UX37^C.P.SEMINTERRATOGARAGE          ^]_09:51:46,10-01-2025",#005544|Nri2UX37^C.P.SEMINTERRATOGARAGE          ^
2025-10-01T09:51:25.602164,005544,999,L0,R0,2,"A7B3005E""SIA-DCS""6925L0#005544[#005544|Nri2UX37^C.P.SEMINTERRATOGARAGE          ^]_09:51:46,10-01-2025",#005544|Nri2UX37^C.P.SEMINTERRATOGARAGE          ^
2025-10-01T09:55:03.553527,005544,999,L0,R0,1,"F0D6005E""SIA-DCS""6925L0#005544[#005544|Nri1UX11^C. P.INGRESSO   CASA            ^]_09:55:26,10-01-2025",#005544|Nri1UX11^C. P.INGRESSO   CASA            ^
2025-10-01T09:55:04.510678,005544,999,L0,R0,1,"F0D6005E""SIA-DCS""6925L0#005544[#005544|Nri1UX11^C. P.INGRESSO   CASA            ^]_09:55:26,10-01-2025",#005544|Nri1UX11^C. P.INGRESSO   CASA            ^
2025-10-01T09:55:05.469712,005544,999,L0,R0,1,"F0D6005E""SIA-DCS""6925L0#005544[#005544|Nri1UX11^C. P.INGRESSO   CASA            ^]_09:55:26,10-01-2025",#005544|Nri1UX11^C. P.INGRESSO   CASA            ^
2025-10-01T09:55:06.470196,005544,999,L0,R0,1,"F0D6005E""SIA-DCS""6925L0#005544[#005544|Nri1UX11^C. P.INGRESSO   CASA            ^]_09:55:26,10-01-2025",#005544|Nri1UX11^C. P.INGRESSO   CASA            ^
2025-10-01T09:55:10.724229,005544,999,L0,R0,1,"BA21005E""SIA-DCS""6925L0#005544[#005544|Nri1UX11^C. P.INGRESSO   CASA            ^]_09:55:31,10-01-2025",#005544|Nri1UX11^C. P.INGRESSO   CASA            ^
2025-10-01T09:55:11.679997,005544,999,L0,R0,1,"BA21005E""SIA-DCS""6925L0#005544[#005544|Nri1UX11^C. P.INGRESSO   CASA            ^]_09:55:31,10-01-2025",#005544|Nri1UX11^C. P.INGRESSO   CASA            ^
2025-10-01T09:55:12.640477,005544,999,L0,R0,1,"BA21005E""SIA-DCS""6925L0#005544[#005544|Nri1UX11^C. P.INGRESSO   CASA            ^]_09:55:31,10-01-2025",#005544|Nri1UX11^C. P.INGRESSO   CASA            ^
2025-10-01T09:55:13.600479,005544,999,L0,R0,1,"BA21005E""SIA-DCS""6925L0#005544[#005544|Nri1UX11^C. P.INGRESSO   CASA            ^]_09:55:31,10-01-2025",#005544|Nri1UX11^C. P.INGRESSO   CASA            ^
2025-10-01T09:55:18.197797,005544,999,L0,R0,2,"6B46005E""SIA-DCS""6925L0#005544[#005544|Nri2UX37^C.P.SEMINTERRATOGARAGE          ^]_09:55:42,10-01-2025",#005544|Nri2UX37^C.P.SEMINTERRATOGARAGE          ^
2025-10-01T09:55:19.155706,005544,999,L0,R0,2,"6B46005E""SIA-DCS""6925L0#005544[#005544|Nri2UX37^C.P.SEMINTERRATOGARAGE          ^]_09:55:42,10-01-2025",#005544|Nri2UX37^C.P.SEMINTERRATOGARAGE          ^
2025-10-01T09:55:20.115457,005544,999,L0,R0,2,"6B46005E""SIA-DCS""6925L0#005544[#005544|Nri2UX37^C.P.SEMINTERRATOGARAGE          ^]_09:55:42,10-01-2025",#005544|Nri2UX37^C.P.SEMINTERRATOGARAGE          ^
2025-10-01T09:55:21.075300,005544,999,L0,R0,2,"6B46005E""SIA-DCS""6925L0#005544[#005544|Nri2UX37^C.P.SEMINTERRATOGARAGE          ^]_09:55:42,10-01-2025",#005544|Nri2UX37^C.P.SEMINTERRATOGARAGE          ^
2025-10-01T10:37:31.232129,005544,999,L0,R0,1,"CD59005E""SIA-DCS""6925L0#005544[#005544|Nri1UX17^C. P.CUCINA     CASA            ^]_10:37:53,10-01-2025",#005544|Nri1UX17^C. P.CUCINA     CASA            ^
2025-10-01T10:37:32.188627,005544,999,L0,R0,1,"CD59005E""SIA-DCS""6925L0#005544[#005544|Nri1UX17^C. P.CUCINA     CASA            ^]_10:37:53,10-01-2025",#005544|Nri1UX17^C. P.CUCINA     CASA            ^
2025-10-01T10:37:33.147831,005544,999,L0,R0,1,"CD59005E""SIA-DCS""6925L0#005544[#005544|Nri1UX17^C. P.CUCINA     CASA            ^]_10:37:53,10-01-2025",#005544|Nri1UX17^C. P.CUCINA     CASA            ^
2025-10-01T10:37:34.108260,005544,999,L0,R0,1,"CD59005E""SIA-DCS""6925L0#005544[#005544|Nri1UX17^C. P.CUCINA     CASA            ^]_10:37:53,10-01-2025",#005544|Nri1UX17^C. P.CUCINA     CASA            ^
2025-10-01T10:37:38.671522,005544,999,L0,R0,1,"0BE3005E""SIA-DCS""6925L0#005544[#005544|Nri1UX17^C. P.CUCINA     CASA            ^]_10:38:01,10-01-2025",#005544|Nri1UX17^C. P.CUCINA     CASA            ^
2025-10-01T10:37:39.628697,005544,999,L0,R0,1,"0BE3005E""SIA-DCS""6925L0#005544[#005544|Nri1UX17^C. P.CUCINA     CASA            ^]_10:38:01,10-01-2025",#005544|Nri1UX17^C. P.CUCINA     CASA            ^
2025-10-01T10:37:40.587768,005544,999,L0,R0,1,"0BE3005E""SIA-DCS""6925L0#005544[#005544|Nri1UX17^C. P.CUCINA     CASA            ^]_10:38:01,10-01-2025",#005544|Nri1UX17^C. P.CUCINA     CASA            ^
2025-10-01T10:37:41.548312,005544,999,L0,R0,1,"0BE3005E""SIA-DCS""6925L0#005544[#005544|Nri1UX17^C. P.CUCINA     CASA            ^]_10:38:01,10-01-2025",#005544|Nri1UX17^C. P.CUCINA     CASA            ^
2025-10-01T10:42:25.370341,005544,999,L0,R0,1,"B22D005E""SIA-DCS""6925L0#005544[#005544|Nri1UX17^C. P.CUCINA     CASA            ^]_10:42:47,10-01-2025",#005544|Nri1UX17^C. P.CUCINA     CASA            ^
2025-10-01T10:42:26.325346,005544,999,L0,R0,1,"B22D005E""SIA-DCS""6925L0#005544[#005544|Nri1UX17^C. P.CUCINA     CASA            ^]_10:42:47,10-01-2025",#005544|Nri1UX17^C. P.CUCINA     CASA            ^
2025-10-01T10:42:27.285849,005544,999,L0,R0,1,"B22D005E""SIA-DCS""6925L0#005544[#005544|Nri1UX17^C. P.CUCINA     CASA            ^]_10:42:47,10-01-2025",#005544|Nri1UX17^C. P.CUCINA     CASA            ^
2025-10-01T10:42:28.246979,005544,999,L0,R0,1,"B22D005E""SIA-DCS""6925L0#005544[#005544|Nri1UX17^C. P.CUCINA     CASA            ^]_10:42:47,10-01-2025",#005544|Nri1UX17^C. P.CUCINA     CASA            ^
2025-10-01T10:42:36.514077,005544,999,L0,R0,1,"273B005E""SIA-DCS""6925L0#005544[#005544|Nri1UX17^C. P.CUCINA     CASA            ^]_10:42:58,10-01-2025",#005544|Nri1UX17^C. P.CUCINA     CASA            ^
2025-10-01T10:42:37.470642,005544,999,L0,R0,1,"273B005E""SIA-DCS""6925L0#005544[#005544|Nri1UX17^C. P.CUCINA     CASA            ^]_10:42:58,10-01-2025",#005544|Nri1UX17^C. P.CUCINA     CASA            ^
2025-10-01T10:42:38.430775,005544,999,L0,R0,1,"273B005E""SIA-DCS""6925L0#005544[#005544|Nri1UX17^C. P.CUCINA     CASA            ^]_10:42:58,10-01-2025",#005544|Nri1UX17^C. P.CUCINA     CASA            ^
2025-10-01T10:42:39.390150,005544,999,L0,R0,1,"273B005E""SIA-DCS""6925L0#005544[#005544|Nri1UX17^C. P.CUCINA     CASA            ^]_10:42:58,10-01-2025",#005544|Nri1UX17^C. P.CUCINA     CASA            ^
2025-10-01T12:27:16.481154,005544,999,L0,R0,1,"F8D5005E""SIA-DCS""6925L0#005544[#005544|Nri1UX17^C. P.CUCINA     CASA            ^]_12:27:38,10-01-2025",#005544|Nri1UX17^C. P.CUCINA     CASA            ^
2025-10-01T12:27:17.436065,005544,999,L0,R0,1,"F8D5005E""SIA-DCS""6925L0#005544[#005544|Nri1UX17^C. P.CUCINA     CASA            ^]_12:27:38,10-01-2025",#005544|Nri1UX17^C. P.CUCINA     CASA            ^
2025-10-01T12:27:18.395974,005544,999,L0,R0,1,"F8D5005E""SIA-DCS""6925L0#005544[#005544|Nri1UX17^C. P.CUCINA     CASA            ^]_12:27:38,10-01-2025",#005544|Nri1UX17^C. P.CUCINA     CASA            ^
2025-10-01T12:27:19.357062,005544,999,L0,R0,1,"F8D5005E""SIA-DCS""6925L0#005544[#005544|Nri1UX17^C. P.CUCINA     CASA            ^]_12:27:38,10-01-2025",#005544|Nri1UX17^C. P.CUCINA     CASA            ^
2025-10-01T12:27:30.623921,005544,999,L0,R0,1,"E539005E""SIA-DCS""6925L0#005544[#005544|Nri1UX17^C. P.CUCINA     CASA            ^]_12:27:53,10-01-2025",#005544|Nri1UX17^C. P.CUCINA     CASA            ^
2025-10-01T12:27:31.580379,005544,999,L0,R0,1,"E539005E""SIA-DCS""6925L0#005544[#005544|Nri1UX17^C. P.CUCINA     CASA            ^]_12:27:53,10-01-2025",#005544|Nri1UX17^C. P.CUCINA     CASA            ^
2025-10-01T12:27:32.541121,005544,999,L0,R0,1,"E539005E""SIA-DCS""6925L0#005544[#005544|Nri1UX17^C. P.CUCINA     CASA            ^]_12:27:53,10-01-2025",#005544|Nri1UX17^C. P.CUCINA     CASA            ^
2025-10-01T12:27:33.501179,005544,999,L0,R0,1,"E539005E""SIA-DCS""6925L0#005544[#005544|Nri1UX17^C. P.CUCINA     CASA            ^]_12:27:53,10-01-2025",#005544|Nri1UX17^C. P.CUCINA     CASA            ^
2025-10-01T12:35:32.030257,005544,999,L0,R0,1,"747A005E""SIA-DCS""6925L0#005544[#005544|Nri1UX17^C. P.CUCINA     CASA            ^]_12:35:53,10-01-2025",#005544|Nri1UX17^C. P.CUCINA     CASA            ^
2025-10-01T12:35:32.986657,005544,999,L0,R0,1,"747A005E""SIA-DCS""6925L0#005544[#005544|Nri1UX17^C. P.CUCINA     CASA            ^]_12:35:53,10-01-2025",#005544|Nri1UX17^C. P.CUCINA     CASA            ^
2025-10-01T12:35:33.945757,005544,999,L0,R0,1,"747A005E""SIA-DCS""6925L0#005544[#005544|Nri1UX17^C. P.CUCINA     CASA            ^]_12:35:53,10-01-2025",#005544|Nri1UX17^C. P.CUCINA     CASA            ^
2025-10-01T12:35:34.906771,005544,999,L0,R0,1,"747A005E""SIA-DCS""6925L0#005544[#005544|Nri1UX17^C. P.CUCINA     CASA            ^]_12:35:53,10-01-2025",#005544|Nri1UX17^C. P.CUCINA     CASA            ^
2025-10-01T12:37:16.038407,005544,999,L0,R0,1,"ABE9005E""SIA-DCS""6925L0#005544[#005544|Nri1UX17^C. P.CUCINA     CASA            ^]_12:37:39,10-01-2025",#005544|Nri1UX17^C. P.CUCINA     CASA            ^
2025-10-01T12:37:16.996265,005544,999,L0,R0,1,"ABE9005E""SIA-DCS""6925L0#005544[#005544|Nri1UX17^C. P.CUCINA     CASA            ^]_12:37:39,10-01-2025",#005544|Nri1UX17^C. P.CUCINA     CASA            ^
2025-10-01T12:37:17.955104,005544,999,L0,R0,1,"ABE9005E""SIA-DCS""6925L0#005544[#005544|Nri1UX17^C. P.CUCINA     CASA            ^]_12:37:39,10-01-2025",#005544|Nri1UX17^C. P.CUCINA     CASA            ^
2025-10-01T12:37:18.915701,005544,999,L0,R0,1,"ABE9005E""SIA-DCS""6925L0#005544[#005544|Nri1UX17^C. P.CUCINA     CASA            ^]_12:37:39,10-01-2025",#005544|Nri1UX17^C. P.CUCINA     CASA            ^
2025-10-01T12:59:01.057185,005544,999,L0,R0,1,"94FE005E""SIA-DCS""6925L0#005544[#005544|Nri1UX17^C. P.CUCINA     CASA            ^]_12:59:23,10-01-2025",#005544|Nri1UX17^C. P.CUCINA     CASA            ^
2025-10-01T12:59:02.013654,005544,999,L0,R0,1,"94FE005E""SIA-DCS""6925L0#005544[#005544|Nri1UX17^C. P.CUCINA     CASA            ^]_12:59:23,10-01-2025",#005544|Nri1UX17^C. P.CUCINA     CASA            ^
2025-10-01T12:59:02.974308,005544,999,L0,R0,1,"94FE005E""SIA-DCS""6925L0#005544[#005544|Nri1UX17^C. P.CUCINA     CASA            ^]_12:59:23,10-01-2025",#005544|Nri1UX17^C. P.CUCINA     CASA            ^
2025-10-01T12:59:03.935323,005544,999,L0,R0,1,"94FE005E""SIA-DCS""6925L0#005544[#005544|Nri1UX17^C. P.CUCINA     CASA            ^]_12:59:23,10-01-2025",#005544|Nri1UX17^C. P.CUCINA     CASA            ^
2025-10-01T12:59:18.186727,005544,999,L0,R0,1,"910A005E""SIA-DCS""6925L0#005544[#005544|Nri1UX17^C. P.CUCINA     CASA            ^]_12:59:42,10-01-2025",#005544|Nri1UX17^C. P.CUCINA     CASA            ^
2025-10-01T12:59:19.143501,005544,999,L0,R0,1,"910A005E""SIA-DCS""6925L0#005544[#005544|Nri1UX17^C. P.CUCINA     CASA            ^]_12:59:42,10-01-2025",#005544|Nri1UX17^C. P.CUCINA     CASA            ^
2025-10-01T12:59:20.104117,005544,999,L0,R0,1,"910A005E""SIA-DCS""6925L0#005544[#005544|Nri1UX17^C. P.CUCINA     CASA            ^]_12:59:42,10-01-2025",#005544|Nri1UX17^C. P.CUCINA     CASA            ^
2025-10-01T12:59:21.063686,005544,999,L0,R0,1,"910A005E""SIA-DCS""6925L0#005544[#005544|Nri1UX17^C. P.CUCINA     CASA            ^]_12:59:42,10-01-2025",#005544|Nri1UX17^C. P.CUCINA     CASA            ^
2025-10-01T12:59:47.305634,005544,999,L0,R0,1,"9F8E005E""SIA-DCS""6925L0#005544[#005544|Nri1UX15^C. P.TERRAZZA   CASA            ^]_13:00:11,10-01-2025",#005544|Nri1UX15^C. P.TERRAZZA   CASA            ^
2025-10-01T12:59:48.263391,005544,999,L0,R0,1,"9F8E005E""SIA-DCS""6925L0#005544[#005544|Nri1UX15^C. P.TERRAZZA   CASA            ^]_13:00:11,10-01-2025",#005544|Nri1UX15^C. P.TERRAZZA   CASA            ^
